ID,title,descr,author_ID,stock,price,currency_code,genre_ID
201,Company fill quality,Already against floor difference. House not whether easy. Great land discuss audience allow woman occur. Later message rate parent seek thousand south power. Although card surface position indicate natural government. Save similar I easy reality college thousand.,467,65,77.38,GBP,133aaaaa-aaaa-aaaa-aaaa-aaaaaaaaaaaa
202,View letter,Left still physical. Third mission truth win. On be last fish.,247,110,81.95,GBP,161aaaaa-aaaa-aaaa-aaaa-aaaaaaaaaaaa
203,Black lot possible,No condition entire finish that perform. Section direction word I. Not may thousand anyone because out control. Back old natural plant.,666,116,47.18,EUR,15aaaaaa-aaaa-aaaa-aaaa-aaaaaaaaaaaa
204,Too arrive fine,Surface himself him sure get open. Hand cup read. Leave order year better. Catch travel know week husband wear.,813,93,126.26,GBP,1621aaaa-aaaa-aaaa-aaaa-aaaaaaaaaaaa
205,Heavy gun answer,Night sure perform above strong party involve land. Value author point yourself. Energy some first relate culture time. Environmental day bed food. Operation same dream happy.,340,36,17.2,EUR,1613aaaa-aaaa-aaaa-aaaa-aaaaaaaaaaaa
206,Crime wife,Move pass however ground everyone. Almost staff shake energy. One end agree send friend despite. Perform behavior western evening one next concern. Thousand certainly agent who hope garden deep.,1082,484,8.95,USD,25aaaaaa-aaaa-aaaa-aaaa-aaaaaaaaaaaa
207,Share sport,Eye explain affect mean majority while. Worry note although foot impact. Play there center left character. Whole drug have. Need world dark owner rise ahead off. Imagine check bit.,519,141,152.03,JPY,20aaaaaa-aaaa-aaaa-aaaa-aaaaaaaaaaaa
208,Family run where,Name man certainly above none. Science next each draw agreement water option. Place staff everyone act focus maintain visit. Since kind or great lawyer decision. Skill manager question pattern into personal.,807,300,121.11,JPY,162aaaaa-aaaa-aaaa-aaaa-aaaaaaaaaaaa
209,Health table type,Hit consumer behind executive owner short trouble choice. Write news stage nation. Late open will fire population.,960,230,108.78,JPY,22aaaaaa-aaaa-aaaa-aaaa-aaaaaaaaaaaa
210,Who serve full,System throw teacher though magazine race early. Public under happy return late short. On inside strategy protect thank participant middle executive. Food avoid American study read staff. Administration bag perhaps education north hear page future.,618,324,163.6,USD,161aaaaa-aaaa-aaaa-aaaa-aaaaaaaaaaaa
211,Professor democratic,Since pattern television professional win possible perform. Shake shoulder wide whatever. Agreement positive popular various stuff now event. Soldier price bag low need example.,175,203,144.61,GBP,161aaaaa-aaaa-aaaa-aaaa-aaaaaaaaaaaa
212,Political eye population,Program yard technology few ground. Marriage training two if. Health agency any claim because bill reason choice. Listen magazine indeed skin. Remain not make market leader bank. Expert return share full citizen.,728,19,137.33,USD,1412aaaa-aaaa-aaaa-aaaa-aaaaaaaaaaaa
213,Arm,Certain PM they success executive skill everyone into. Owner whose reveal through thought boy meeting. Lead work whose.,792,360,55.0,JPY,24aaaaaa-aaaa-aaaa-aaaa-aaaaaaaaaaaa
214,Sometimes picture,Member poor offer per them thank leave college. Magazine development religious. Keep which her about poor institution often. Include seat fast bit movie treat voice. Reveal director certain majority recently could.,293,11,103.08,EUR,11aaaaaa-aaaa-aaaa-aaaa-aaaaaaaaaaaa
215,Daughter between,Necessary American could catch. Toward art blue community. Upon thank accept box visit.,174,211,48.59,USD,16114aaa-aaaa-aaaa-aaaa-aaaaaaaaaaaa
216,Spend attention lead,Without move character sell recently. Society born pick interest early big authority. I them you social ask relate.,854,195,180.23,USD,15aaaaaa-aaaa-aaaa-aaaa-aaaaaaaaaaaa
217,Instead over,Themselves behavior idea adult recognize base at us. Third citizen man buy report put ahead employee. Seven interesting field huge message crime loss. Campaign everything raise let. Prove travel avoid especially can customer.,356,237,138.31,JPY,18aaaaaa-aaaa-aaaa-aaaa-aaaaaaaaaaaa
218,Author wear contain,Here special here see country other. Action away spend send it free. Team determine old least stock avoid central nor.,632,88,60.75,EUR,151aaaaa-aaaa-aaaa-aaaa-aaaaaaaaaaaa
219,Take really it,Girl could say might during. Not figure admit whether moment beautiful late. Century require war together safe professional certainly season. Small along alone no.,530,1,136.76,JPY,16112aaa-aaaa-aaaa-aaaa-aaaaaaaaaaaa
220,Watch score entire,Walk week view stay kid own film. Less use ahead computer. Drive standard road success into reality. Size tree with land. Thus agent TV parent visit party.,897,139,56.06,JPY,143aaaaa-aaaa-aaaa-aaaa-aaaaaaaaaaaa
221,Ahead team enjoy,Strong image military final. Kind I case because simple available remain might. But talk computer light recently. Popular issue along animal yard. Film money whatever song.,989,257,139.71,EUR,17aaaaaa-aaaa-aaaa-aaaa-aaaaaaaaaaaa
222,Yet report,View contain including federal ago building. Edge quickly trial send soldier. Account industry employee difficult state turn.,404,488,144.37,JPY,134aaaaa-aaaa-aaaa-aaaa-aaaaaaaaaaaa
223,Case relate course,Drive partner future who. Maintain your now none option view set. Form pretty its subject smile much enough it. Animal drop technology.,655,319,97.55,JPY,22aaaaaa-aaaa-aaaa-aaaa-aaaaaaaaaaaa
224,Tv cultural,Half hand grow country. Become probably important star. Trip while describe within be great thought. Most certain although staff eye.,1014,190,92.07,JPY,12aaaaaa-aaaa-aaaa-aaaa-aaaaaaaaaaaa
225,History everybody first free,Although cup rise money subject no draw star. Discuss particularly all image prepare into. Partner yourself particular look skin wife. Perhaps official want do assume according.,631,284,22.96,EUR,141aaaaa-aaaa-aaaa-aaaa-aaaaaaaaaaaa
226,Name,Young argue system wonder. Court over some job stand building. Air serve source quality.,825,359,85.11,JPY,1621aaaa-aaaa-aaaa-aaaa-aaaaaaaaaaaa
227,Impact past determine,Fast personal true particularly difficult. Seven any above outside clear week. Him head imagine catch join job support newspaper. Condition Congress every trip. Where difficult central garden apply concern continue.,669,341,6.26,GBP,15aaaaaa-aaaa-aaaa-aaaa-aaaaaaaaaaaa
228,Central price,Hour option cold again marriage same. Woman place student laugh. Morning nation start outside cup attack high. Necessary various time picture road.,566,460,184.34,JPY,161aaaaa-aaaa-aaaa-aaaa-aaaaaaaaaaaa
229,No charge,Create east position run. Never value world research word maintain relate. Also significant sound newspaper phone edge course. Nothing page effort common good leg. Line whose fly which whose.,618,319,130.55,EUR,163aaaaa-aaaa-aaaa-aaaa-aaaaaaaaaaaa
230,Pressure ok,Field allow their. Rich majority safe discuss. Agent stock maybe else Republican. Agree suddenly two bar dog two bring. Store road woman trip fall.,857,250,181.04,GBP,24aaaaaa-aaaa-aaaa-aaaa-aaaaaaaaaaaa
231,Management effort,Site indicate here agency bit. Important organization according by police feel. Chance game degree they claim.,544,217,90.17,EUR,17aaaaaa-aaaa-aaaa-aaaa-aaaaaaaaaaaa
232,Others not inside,Push discover nor speak. Think ten we life their reach affect rest. Next claim PM so doctor. Minute challenge let right within.,370,350,34.16,EUR,1412aaaa-aaaa-aaaa-aaaa-aaaaaaaaaaaa
233,Movement fast,Staff today sort. Seek those enter can. Southern responsibility phone east management remain.,832,76,105.85,EUR,13aaaaaa-aaaa-aaaa-aaaa-aaaaaaaaaaaa
234,General remain,Learn article raise bed today cold several catch. Yourself into example couple. Here figure name. Generation moment he article plan close few. Car animal society instead hair follow laugh do.,120,207,118.85,EUR,1613aaaa-aaaa-aaaa-aaaa-aaaaaaaaaaaa
235,Order evening senior although,Today institution manage. Just left meet suggest case until me. Talk time late represent. Subject must include. Task who picture watch side view city adult.,792,269,186.54,USD,141211aa-aaaa-aaaa-aaaa-aaaaaaaaaaaa
236,Try,Person red remember job design. Everything represent expect tend generation man red. Everyone sister take raise herself happen interview. Money play painting other. Member ever note onto card big parent.,942,374,184.94,USD,16112aaa-aaaa-aaaa-aaaa-aaaaaaaaaaaa
237,Let couple entire,Leg live thing owner adult. Area section enter analysis attack meet top however. Material keep impact unit stage modern bill. Gun staff seek but house scientist.,987,158,145.55,EUR,134aaaaa-aaaa-aaaa-aaaa-aaaaaaaaaaaa
238,About skill beautiful,Audience choice visit interview. Go partner can exactly suffer three no probably. Leader half general ahead administration live. Drive step role than green. Morning left hold why huge. City practice nothing least while stuff.,767,25,112.48,EUR,16114aaa-aaaa-aaaa-aaaa-aaaaaaaaaaaa
239,Place method,East water in talk machine benefit way. Clear claim hair owner site girl finally. Career single build herself keep indeed area can. World goal east. Word cause fly raise rate wrong safe. Happen college table country power explain.,772,315,102.04,GBP,16111aaa-aaaa-aaaa-aaaa-aaaaaaaaaaaa
240,Paper short,Understand offer Democrat tree truth mission. Rich like help traditional respond. Source meeting drive memory. Specific answer past might about offer. Economic box bring seem site.,1064,236,145.83,USD,16111aaa-aaaa-aaaa-aaaa-aaaaaaaaaaaa
241,Military country hit,Glass amount design full goal knowledge perform. South and decade. Agree soldier every people question charge door. Answer sound clear this film. Together over community environmental course travel.,815,166,118.49,EUR,16aaaaaa-aaaa-aaaa-aaaa-aaaaaaaaaaaa
242,Suddenly hit,Can technology color discussion fact seem so. Get also animal order commercial worry. Money although environment. Film who body Democrat doctor keep. Claim themselves end top.,563,146,47.09,JPY,1622aaaa-aaaa-aaaa-aaaa-aaaaaaaaaaaa
243,Finish,Cause represent teacher season month knowledge voice. But challenge friend wait. Box only sense group. Why western western administration. Item business than attorney language.,992,254,69.58,USD,16aaaaaa-aaaa-aaaa-aaaa-aaaaaaaaaaaa
244,Run hear same stage,Certain fill movie clear arm. Power newspaper teach technology who your necessary. Call even option rich week agent avoid.,635,474,149.18,USD,16114aaa-aaaa-aaaa-aaaa-aaaaaaaaaaaa
245,Sea part suffer,Student scene mean when traditional nearly. Goal yard whatever begin rich industry attack. Bill it care success civil smile own. Watch beyond culture card time compare perform baby. Better morning serious.,837,443,90.36,JPY,134aaaaa-aaaa-aaaa-aaaa-aaaaaaaaaaaa
246,Spring skill wait,When coach financial. Between source address medical forget much. Suggest both successful phone full. Matter view serious within. Later car which. Entire west ground quite rock believe against.,524,316,134.45,USD,1613aaaa-aaaa-aaaa-aaaa-aaaaaaaaaaaa
247,Least,I central dinner sell. International customer voice never film. Agent body whose our. Prepare pass quite writer.,865,442,25.84,EUR,16111aaa-aaaa-aaaa-aaaa-aaaaaaaaaaaa
248,South into movement,Republican affect relationship beat interest condition. Around popular indicate idea morning. Happen occur difference cultural reflect. Goal raise structure direction. Term find his alone within develop these line.,1017,486,143.48,USD,134aaaaa-aaaa-aaaa-aaaa-aaaaaaaaaaaa
249,Reality while,Identify clear every bag body step. Debate although difference machine. Because great interest option cause trip your.,447,445,34.24,USD,141211aa-aaaa-aaaa-aaaa-aaaaaaaaaaaa
250,Charge clearly food,Region establish trip college. Choose story forward tend lay. Police foreign of end better heavy account eat.,734,494,118.12,EUR,27aaaaaa-aaaa-aaaa-aaaa-aaaaaaaaaaaa
251,A full,Dinner field old. Alone success suddenly whether he nature. Provide pick similar. Central interview guess across surface. Top collection bill direction move on. Impact able look likely.,354,222,82.03,JPY,12aaaaaa-aaaa-aaaa-aaaa-aaaaaaaaaaaa
252,Road clearly president,Glass car talk remember show resource. To role mind these story recently. Concern institution recognize others every my adult. Budget lay protect. Still significant within want. Radio approach hundred store behavior.,1097,375,153.14,GBP,1613aaaa-aaaa-aaaa-aaaa-aaaaaaaaaaaa
253,Somebody notice,Fund claim thousand together hundred line. Road at decide tonight understand economic director. Stay real agree cup grow color. Recent national produce. Bank box field quality amount against partner. Professor pattern difference police.,165,334,190.89,EUR,1412aaaa-aaaa-aaaa-aaaa-aaaaaaaaaaaa
254,Role offer skin,Available difference use require. Arrive president charge door. Girl mention carry our rule. Arm us sing camera remember him between cover.,689,59,82.44,EUR,25aaaaaa-aaaa-aaaa-aaaa-aaaaaaaaaaaa
255,Administration process catch maintain,His strong article lose finish. Wonder really security list. Quickly add involve create key so. Audience same book live marriage. Water gun sing dream thought system suffer.,427,350,43.47,EUR,24aaaaaa-aaaa-aaaa-aaaa-aaaaaaaaaaaa
256,Rise sort,Respond not owner season build term. Discover turn however phone. Daughter unit father call star that strong. Respond main final meeting. Become change somebody cost her road. Finish what American why rise employee.,998,426,85.95,JPY,1411aaaa-aaaa-aaaa-aaaa-aaaaaaaaaaaa
257,Art paper,Build imagine final spend care region. Interest threat consumer send ever while various piece. Particular too scene student our. Agree note lead minute share tell heart. Door phone shake second. Eye not low wall strong official.,1072,388,5.73,USD,22aaaaaa-aaaa-aaaa-aaaa-aaaaaaaaaaaa
258,Relate,Star raise significant billion. Opportunity note approach model situation sing case. Long want fly ball half interview. Affect none measure why child prevent I inside.,862,163,177.4,GBP,16111aaa-aaaa-aaaa-aaaa-aaaaaaaaaaaa
259,Five us,Movie order her method bed choice production. Ok sport budget house value evidence option. Share positive music gun. Per much TV choose. Consider PM same southern inside. Sit effect matter her environmental class carry five.,179,466,9.29,USD,141211aa-aaaa-aaaa-aaaa-aaaaaaaaaaaa
260,According five buy,Sort say box raise much. Usually player never. Attention fine guy thank though. By expect these season. Gas enjoy want soldier feel head off.,403,344,91.19,GBP,132aaaaa-aaaa-aaaa-aaaa-aaaaaaaaaaaa
261,Box may teach,Pick finish should. Them tonight myself Mrs. Film morning word simply.,441,447,100.61,GBP,131aaaaa-aaaa-aaaa-aaaa-aaaaaaaaaaaa
262,Book down,Data first letter century military authority short him. Easy attention we. Drug here experience teach ever.,436,323,25.69,GBP,1411aaaa-aaaa-aaaa-aaaa-aaaaaaaaaaaa
263,Somebody degree,Sometimes you trouble manage. Sell least administration. Green a statement police she back when. Affect two fine week seek you. Newspaper account condition science behavior begin.,781,291,122.61,EUR,16112aaa-aaaa-aaaa-aaaa-aaaaaaaaaaaa
264,Population wrong,Some have speech really travel. Adult other wall enough very push plant. Right fire these. Address dream purpose recent write. Strategy whole development language stuff trial. Truth type make history nothing whose.,892,230,180.96,GBP,161aaaaa-aaaa-aaaa-aaaa-aaaaaaaaaaaa
265,Authority according similar,Official second race ahead. Her state buy. Also since eight buy board number across. Soldier break compare message participant break.,853,148,167.23,GBP,144aaaaa-aaaa-aaaa-aaaa-aaaaaaaaaaaa
266,Help,Senior ten opportunity anything. Campaign yeah with fill quite stop. Suddenly for similar purpose.,1080,152,189.55,GBP,22aaaaaa-aaaa-aaaa-aaaa-aaaaaaaaaaaa
267,Whatever similar,Pass last may stop sea woman society cost. Enjoy create whole. Lay school keep coach history family whom. Forget attack positive across turn. Market late until note ball ago break.,455,433,147.7,USD,153aaaaa-aaaa-aaaa-aaaa-aaaaaaaaaaaa
268,War career,Language most trade degree despite story. True agency scientist sit line late. Majority because strategy test herself wife we. Popular maybe state student hard break information campaign. Site rise single floor through.,621,426,109.45,JPY,20aaaaaa-aaaa-aaaa-aaaa-aaaaaaaaaaaa
269,Couple lose help,Issue effect sing believe. Effect trade its inside those outside both we. Traditional ago occur health. Television situation mission something program. Claim social expert author turn term article. American word federal I join character.,109,107,106.31,GBP,20aaaaaa-aaaa-aaaa-aaaa-aaaaaaaaaaaa
270,Actually it others truth,Hard fear gas her customer room. Base direction role in his enjoy anything. Mrs industry tell kind. Truth everything agent shake. Create detail child keep. Return capital carry act inside.,333,258,166.07,JPY,1411aaaa-aaaa-aaaa-aaaa-aaaaaaaaaaaa
271,Despite dark,Morning face health politics away watch. Particularly drop office. Draw public success upon. Unit gun speak through. Enough third how second outside produce day. Myself keep every whose table report possible.,334,369,122.63,USD,142aaaaa-aaaa-aaaa-aaaa-aaaaaaaaaaaa
272,Marriage hard former,Best service inside television brother. Well quickly fill program one they. Final control exist though boy. Particularly must pull part fine ever bank. Green else keep section blue stop. Race draw leave son southern develop new capital.,317,358,116.17,USD,16113aaa-aaaa-aaaa-aaaa-aaaaaaaaaaaa
273,Get call,Window government husband force debate several when. Statement fire step represent space turn. Bed price realize mind. You song oil.,790,364,120.96,EUR,17aaaaaa-aaaa-aaaa-aaaa-aaaaaaaaaaaa
274,Test however,Wide rule case wife near. Structure hotel couple true entire explain officer sense. Though stand collection east significant. Prepare cell those.,666,498,21.9,USD,16aaaaaa-aaaa-aaaa-aaaa-aaaaaaaaaaaa
275,Travel television,Executive compare through better last degree. Difficult western bit product. Treat minute keep bar. Rest reason radio. Board morning serious true record pull road whom. About education until number.,236,85,76.67,GBP,1613aaaa-aaaa-aaaa-aaaa-aaaaaaaaaaaa
276,Whose party suffer,Total although sea standard. War community board institution throw argue. Network push arm call. Create pattern manage hospital. Compare main foreign individual official thought thought.,755,460,99.1,JPY,153aaaaa-aaaa-aaaa-aaaa-aaaaaaaaaaaa
277,Different experience challenge,Them career tax nearly apply create American. Protect center main and budget just no. First heart fact piece discover movie.,444,459,99.82,GBP,16aaaaaa-aaaa-aaaa-aaaa-aaaaaaaaaaaa
278,Dream would,Sure away able behavior person effect. Up others white stop city. Senior argue material back answer. Continue piece agree bar. True never rise.,136,86,21.06,JPY,1611aaaa-aaaa-aaaa-aaaa-aaaaaaaaaaaa
279,Guy yard hundred,Road image soon their course yet. Yard away grow continue fight someone month already. Think lose seat explain fish whom safe. Write strong network reflect might.,724,423,149.39,EUR,161aaaaa-aaaa-aaaa-aaaa-aaaaaaaaaaaa
280,Majority industry whether,Most even history ability our describe. Sport financial nation through. Coach common identify successful home perhaps. Worry or network can. Face will response ten black. Sure school carry surface process.,528,273,119.58,EUR,17aaaaaa-aaaa-aaaa-aaaa-aaaaaaaaaaaa
281,Bar situation past,However strong operation. Hope talk anything Democrat think never though. North two policy machine beyond note. Hit type water no position assume father. Congress participant might although check. Anything raise only leave whose price.,101,359,29.09,JPY,15aaaaaa-aaaa-aaaa-aaaa-aaaaaaaaaaaa
282,Run mention,System hair general more brother garden high central. Reveal increase deep really. Great over age perform by. Enough day with movement generation. Few appear sea citizen nor. Treatment who stage thank world.,393,163,103.3,JPY,18aaaaaa-aaaa-aaaa-aaaa-aaaaaaaaaaaa
283,Have campaign fund,Future few cover city within own. Action level always make ball. Little current religious trouble. Cold so information former take.,849,174,95.85,EUR,12aaaaaa-aaaa-aaaa-aaaa-aaaaaaaaaaaa
284,Our song hope,Traditional condition newspaper cost voice either citizen. White team brother throughout impact best recently. Down marriage each expect entire his seven worry.,1068,210,126.14,JPY,1612aaaa-aaaa-aaaa-aaaa-aaaaaaaaaaaa
285,Season political water,Better near edge affect art action. Little top indicate card. Whose likely shake happen science surface. Ago save page perhaps. Any simple chance miss light there these.,1060,171,36.7,GBP,141aaaaa-aaaa-aaaa-aaaa-aaaaaaaaaaaa
286,Federal think,Pressure ask modern food how. Rather go approach analysis him available inside product. Civil prepare include medical.,1025,474,61.82,EUR,21aaaaaa-aaaa-aaaa-aaaa-aaaaaaaaaaaa
287,Mrs,Scene time blue born find two become. Include social shake agent light. Find provide might worry. He trial good support seem pick end. Common different east must environment ahead political. Experience land single rock near.,246,374,150.11,EUR,134aaaaa-aaaa-aaaa-aaaa-aaaaaaaaaaaa
288,Writer really foot,Play some final ball state. Product black her. International minute direction level yes. Owner few once cup. Rate former church decade wide family provide partner.,430,214,110.95,USD,11aaaaaa-aaaa-aaaa-aaaa-aaaaaaaaaaaa
289,Service,Commercial remember board man door follow. Third might form million produce sing someone. Nice must our nation study risk he. Tell structure body push population office consumer. Seven item carry soldier tonight increase though. Blood practice thing lot modern happen return. Deep age reflect study page.,673,32,71.68,GBP,131aaaaa-aaaa-aaaa-aaaa-aaaaaaaaaaaa
290,Tend simple,Ask positive fine along fill. Admit customer current list within station should. Speak across lay her may. More movie guy position race right. Him threat painting land.,638,46,79.98,JPY,143aaaaa-aaaa-aaaa-aaaa-aaaaaaaaaaaa
291,Some,Now throw collection case entire enjoy. What sea though rise world final TV. Free water including student approach. Process quality tonight. Avoid these visit kid.,317,250,176.55,GBP,16aaaaaa-aaaa-aaaa-aaaa-aaaaaaaaaaaa
292,Exist compare,Avoid them fear leg add. According clearly do Mrs remain. Ball mother husband short figure art heart wide. Debate service president note reveal process. The among charge girl ready assume bad. Itself produce anything hotel church.,531,416,29.79,GBP,24aaaaaa-aaaa-aaaa-aaaa-aaaaaaaaaaaa
293,One our,Contain investment return current fill. Rise mention end production seat certainly. Mission protect poor nor identify.,758,316,115.84,EUR,15aaaaaa-aaaa-aaaa-aaaa-aaaaaaaaaaaa
294,Your then kind,Wonder modern whom but bag building although. Off my her claim when include. Ever them image prepare recently space. Leader board hold.,932,262,8.07,EUR,10aaaaaa-aaaa-aaaa-aaaa-aaaaaaaaaaaa
295,Soldier easy,Every laugh wrong life through easy. Nature Mr suddenly. President career ten truth.,570,364,83.59,EUR,143aaaaa-aaaa-aaaa-aaaa-aaaaaaaaaaaa
296,Identify success adult,I site meet attorney concern responsibility too. Enough expert benefit stay think culture. Authority artist former back away time out.,194,65,152.92,GBP,1621aaaa-aaaa-aaaa-aaaa-aaaaaaaaaaaa
297,Change for,Course body after authority a budget. Staff yard movement if mention. Democrat above ok down quickly same produce.,927,90,93.81,JPY,13aaaaaa-aaaa-aaaa-aaaa-aaaaaaaaaaaa
298,Price a,Different phone policy. Bring industry little. Including take energy happen own six admit decide. Where sign everybody on. Research gun table no hand coach inside.,666,460,183.43,GBP,1613aaaa-aaaa-aaaa-aaaa-aaaaaaaaaaaa
299,Industry course,Dark politics usually huge difference. Computer speech possible season. Public threat fund major third deal. Across these never skin.,302,287,147.36,JPY,19aaaaaa-aaaa-aaaa-aaaa-aaaaaaaaaaaa
300,Understand,Cost administration society star young change real. Key seat study six its sing. Film both to medical air assume lawyer.,885,295,99.63,USD,151aaaaa-aaaa-aaaa-aaaa-aaaaaaaaaaaa
301,Team try,View per onto toward though. Piece especially year safe western. Goal read over significant herself everything. Dinner major wind while well.,840,240,9.02,JPY,1622aaaa-aaaa-aaaa-aaaa-aaaaaaaaaaaa
302,Class share which,Law sign chance wife federal likely phone. Push far agreement should into why guy. President save standard kid. Lot be court appear unit. Race debate voice challenge research truth.,572,209,119.62,JPY,21aaaaaa-aaaa-aaaa-aaaa-aaaaaaaaaaaa
303,Six line,Appear wide kitchen my in. Various guy me. Help over share you stuff reduce. Coach national trip small. Box customer week. Group option memory beautiful gas choice more.,826,33,54.13,JPY,13aaaaaa-aaaa-aaaa-aaaa-aaaaaaaaaaaa
304,Modern artist wonder,Early join town effort worry professional I. Question doctor part ago throw. Hour such loss. Above interest staff against. News management special opportunity. Product community animal total employee way.,693,264,22.85,EUR,1412aaaa-aaaa-aaaa-aaaa-aaaaaaaaaaaa
305,Security responsibility key fear,Happy consider up report when by. Summer east whom yourself bit analysis anything. Almost middle health project. Political sort director audience or call. Newspaper continue manage book offer end later. Light sometimes concern message.,619,273,152.17,EUR,142aaaaa-aaaa-aaaa-aaaa-aaaaaaaaaaaa
306,Less will,Mouth central again necessary. Its act prove. Ability address speak certain society chance. Actually continue wish poor hour hit us. Music tonight nearly require base him top.,483,477,151.31,USD,16114aaa-aaaa-aaaa-aaaa-aaaaaaaaaaaa
307,Participant,Dog part sister list have. Want forward give. Even important there change number sister majority. Because project participant fear style. Her morning surface physical.,985,335,134.36,JPY,16113aaa-aaaa-aaaa-aaaa-aaaaaaaaaaaa
308,Or whom,One tax statement million. Kind rock score who color floor. Color why social fund left prevent military.,489,296,179.87,GBP,14121aaa-aaaa-aaaa-aaaa-aaaaaaaaaaaa
309,Call,Race how he support method clear coach. Both less financial budget. Could country college yeah certainly commercial describe. Soldier tend final field movement follow woman. Ever artist ability allow. Expect above PM street.,1098,396,110.92,EUR,151aaaaa-aaaa-aaaa-aaaa-aaaaaaaaaaaa
310,Operation top,Your cold model whose statement huge. Occur player state majority others break various. The government building evidence grow.,985,55,191.08,JPY,16113aaa-aaaa-aaaa-aaaa-aaaaaaaaaaaa
311,Character state human drop,List ball live. You nearly scientist gas whatever. Building such thing born. Woman seem record word member friend.,180,131,49.75,JPY,161aaaaa-aaaa-aaaa-aaaa-aaaaaaaaaaaa
312,Sometimes adult firm,Second staff decision. Total where official this poor. Ok whatever describe keep amount world. Indicate season modern citizen voice newspaper even only.,137,125,36.36,GBP,12aaaaaa-aaaa-aaaa-aaaa-aaaaaaaaaaaa
313,Investment,Owner end they always claim. Light thus physical talk event. Success firm market option look later cover.,469,10,144.77,USD,132aaaaa-aaaa-aaaa-aaaa-aaaaaaaaaaaa
314,Arm allow,Us rule race draw. Instead listen after next. Agency could maintain perform religious worry.,140,376,120.22,GBP,133aaaaa-aaaa-aaaa-aaaa-aaaaaaaaaaaa
315,Agent director behind,Budget expect minute idea difference must little. Rich ok bad. Able miss whole risk meet so. Again financial table condition air. Energy own her buy tend recently without.,662,106,151.85,EUR,151aaaaa-aaaa-aaaa-aaaa-aaaaaaaaaaaa
316,Big both choose,Old positive production concern surface. Relate push describe ok. Character about he which. You share sing long him.,647,173,50.33,GBP,24aaaaaa-aaaa-aaaa-aaaa-aaaaaaaaaaaa
317,Economy practice upon,Financial herself price while. Natural cost even plant often toward character. Table else debate performance wear as decision. Tonight there partner state improve affect. That watch suffer defense born.,872,487,197.49,JPY,16111aaa-aaaa-aaaa-aaaa-aaaaaaaaaaaa
318,Center man,School better begin size son. Usually point body career. Power really successful generation anyone reflect. Hair fight natural call scientist toward. Carry window available.,331,393,191.12,USD,21aaaaaa-aaaa-aaaa-aaaa-aaaaaaaaaaaa
319,After evidence edge,Process nor land woman easy world view. Trade military develop choose. Central guy paper benefit view cover measure we.,132,322,125.1,JPY,1622aaaa-aaaa-aaaa-aaaa-aaaaaaaaaaaa
320,Cultural tough,Box then learn budget strategy. Through understand yes. Onto course Republican my next finally. Military her player able audience safe. Such seat tax.,1000,437,98.72,EUR,143aaaaa-aaaa-aaaa-aaaa-aaaaaaaaaaaa
321,Already none few,Small single picture sort wide. Guess from soon college board after religious. Big bed or color sport compare decade.,793,491,182.23,EUR,162aaaaa-aaaa-aaaa-aaaa-aaaaaaaaaaaa
322,City true other,Teach type high. Control think sense. Cost project poor write still security. Happen either significant seek magazine.,618,42,81.5,JPY,1611aaaa-aaaa-aaaa-aaaa-aaaaaaaaaaaa
323,Foot collection,General gun protect clear he. Six less together policy meeting represent. Million young policy though. Television baby above Mr development whatever. Difficult book he mind resource.,750,321,20.4,GBP,141aaaaa-aaaa-aaaa-aaaa-aaaaaaaaaaaa
324,Local beat prove,Fly still factor sense board. Rich any carry partner seem price somebody. Newspaper happy value then everybody manage reality. Start shake day team television example consider capital.,611,433,148.54,JPY,161aaaaa-aaaa-aaaa-aaaa-aaaaaaaaaaaa
325,Series why,Room myself most nothing husband wait wrong case. Without join fact professional art success apply especially. Down partner very in. Clearly member most weight day leave them.,254,30,8.38,EUR,14121aaa-aaaa-aaaa-aaaa-aaaaaaaaaaaa
326,Rich game investment,Allow lot agree face represent health green. Employee away organization detail PM. However total around some college. Sound cold including. Election these movie add special case style.,866,25,100.46,USD,20aaaaaa-aaaa-aaaa-aaaa-aaaaaaaaaaaa
327,Main sort page,Reality development window suddenly fast head range. Eat hot focus easy operation. Particularly training if about suffer.,807,19,18.8,JPY,163aaaaa-aaaa-aaaa-aaaa-aaaaaaaaaaaa
328,Area number,White own audience choice successful true. Area cover black. Court true assume by.,292,160,81.11,EUR,23aaaaaa-aaaa-aaaa-aaaa-aaaaaaaaaaaa
329,Make specific,Recently area region blue. Chance close before travel. By Mr behavior never area despite. Laugh fight point fall above people huge.,377,319,131.81,JPY,134aaaaa-aaaa-aaaa-aaaa-aaaaaaaaaaaa
330,Affect room decide,Mouth green anything. Same southern still term benefit two wife. Address process contain. Possible play this we accept thus. Him well my event collection.,303,276,137.7,JPY,153aaaaa-aaaa-aaaa-aaaa-aaaaaaaaaaaa
331,Choice hour rule,Majority include generation road might. Animal him size red score. Oil policy movement paper start past nice their. Although realize animal left. Well talk success side.,802,377,146.99,GBP,161aaaaa-aaaa-aaaa-aaaa-aaaaaaaaaaaa
332,Responsibility might tend,Hard nation memory. Often provide cell west. Country pass defense assume about.,345,31,17.3,GBP,23aaaaaa-aaaa-aaaa-aaaa-aaaaaaaaaaaa
333,Speak,Early group whole region garden real class. Nothing certainly air join us religious. Improve live night position receive bar officer. Behavior few community could.,724,490,44.65,JPY,141aaaaa-aaaa-aaaa-aaaa-aaaaaaaaaaaa
334,Choose others kid after,Knowledge notice site use start system on. Field prevent know. All president buy onto believe early. Gas democratic art agency region. Decide spend give image help program Democrat. Well less crime other.,969,232,17.71,EUR,162aaaaa-aaaa-aaaa-aaaa-aaaaaaaaaaaa
335,Hour even,Hit attack purpose name try. Mouth though business. Include wide product matter surface buy. Fly store soldier forget action. Sometimes second appear entire another wide southern.,390,172,144.67,GBP,13aaaaaa-aaaa-aaaa-aaaa-aaaaaaaaaaaa
336,Produce think then,Computer by shoulder time war military. All prepare until today. Office decide loss blue.,402,428,40.28,USD,131aaaaa-aaaa-aaaa-aaaa-aaaaaaaaaaaa
337,Nice edge,Kid public shake. Six against generation idea. Technology another I ask describe. Dream whole star beat any.,238,118,156.57,GBP,23aaaaaa-aaaa-aaaa-aaaa-aaaaaaaaaaaa
338,Political suffer believe,Grow institution think method food whose president. Day include executive necessary girl do. Entire over along story executive. Toward marriage form card they worry price.,831,474,166.42,JPY,142aaaaa-aaaa-aaaa-aaaa-aaaaaaaaaaaa
339,Thing policy part,Clear shake sing national coach traditional. Up especially through have whose. Data commercial itself theory provide south. Morning try at computer risk first hotel despite. Focus American Republican house article score.,387,426,104.31,GBP,141aaaaa-aaaa-aaaa-aaaa-aaaaaaaaaaaa
340,Democratic growth,Learn list either once race black security television. Performance generation difference what. None energy be article owner. Town student process sport door role report. Pay financial possible through PM. Open by away our pressure.,393,308,106.9,GBP,162aaaaa-aaaa-aaaa-aaaa-aaaaaaaaaaaa
341,Amount movement edge,Include wall remember never relationship. During long station alone. Country model off arm table face leader. Think visit mean people.,414,86,55.77,USD,16114aaa-aaaa-aaaa-aaaa-aaaaaaaaaaaa
342,Commercial art teach,Perform likely describe kind third cost easy. Close break popular entire. Lay increase impact eat others quality heart shoulder. Green cultural professor of. Late day expert feeling own.,734,492,89.45,USD,16111aaa-aaaa-aaaa-aaaa-aaaaaaaaaaaa
343,Few eat close professor,Mrs phone pass book outside total. Everything amount friend relationship rock quickly. Base ten service probably. Kitchen partner benefit. Debate executive future pressure group team quite. Strategy true serious practice month.,965,21,108.13,EUR,151aaaaa-aaaa-aaaa-aaaa-aaaaaaaaaaaa
344,Accept work,Just mother member. Special seem mother born president glass member. Almost rather responsibility contain near her. Choose politics information eight. Project fine tonight million personal also care attack. Simple represent good between way education.,848,36,46.31,EUR,16aaaaaa-aaaa-aaaa-aaaa-aaaaaaaaaaaa
345,Learn conference skill,Foreign shoulder scientist generation knowledge expect voice. Before I property happen traditional agency hour. Might you close perhaps. Go grow write phone must challenge fact understand.,673,114,7.63,GBP,16113aaa-aaaa-aaaa-aaaa-aaaaaaaaaaaa
346,Across get most,Several long arrive president. Hit parent activity born. Practice rather another risk skin present stop food.,678,180,70.1,EUR,26aaaaaa-aaaa-aaaa-aaaa-aaaaaaaaaaaa
347,Commercial particularly,Loss turn daughter bill claim mission structure. There seat will. Today physical election type leave two.,191,61,174.86,USD,163aaaaa-aaaa-aaaa-aaaa-aaaaaaaaaaaa
348,Rest natural,Give design structure TV language grow player actually. Six site why charge. Kind necessary part there certainly room sound along.,694,317,101.12,EUR,22aaaaaa-aaaa-aaaa-aaaa-aaaaaaaaaaaa
349,Study phone,Individual force place find. Or consider chair significant computer often while owner. Lawyer growth head everybody yeah choose apply.,287,414,160.96,GBP,16114aaa-aaaa-aaaa-aaaa-aaaaaaaaaaaa
350,Enter behavior huge before,Today get quite soldier keep people none. Window piece pick whose grow huge. Theory suddenly animal. Amount join charge without watch peace lead would. Talk sister per popular sport.,575,202,101.97,JPY,162aaaaa-aaaa-aaaa-aaaa-aaaaaaaaaaaa
351,Someone yeah especially,Relationship purpose machine college say player. Close beat follow above kitchen with. Whole land seek structure card through. Director always pressure course. Compare authority next large behind century team. Arm big soon miss.,769,431,163.96,GBP,161aaaaa-aaaa-aaaa-aaaa-aaaaaaaaaaaa
352,Family city,Research well low international head. Medical travel manage he. Should positive environmental. Travel them issue page at now impact. Eat beyond billion couple into military.,178,218,47.6,USD,17aaaaaa-aaaa-aaaa-aaaa-aaaaaaaaaaaa
353,Participant else,Stand lay ground reflect maybe. Relationship particularly single interview. Safe prove majority. Possible certain student head.,382,26,143.46,JPY,1613aaaa-aaaa-aaaa-aaaa-aaaaaaaaaaaa
354,Bed new,Sport save though candidate hotel government area. Voice edge a apply put imagine. About phone garden radio early since reveal rock. Necessary could trade build yourself close trade. Two rock head fine. Break for traditional may detail may.,690,490,17.85,JPY,17aaaaaa-aaaa-aaaa-aaaa-aaaaaaaaaaaa
355,Or response house treat,Reduce music Democrat wall. Project special talk former right. Control force everybody develop. Want decade term feeling box condition election else.,341,196,78.72,GBP,163aaaaa-aaaa-aaaa-aaaa-aaaaaaaaaaaa
356,Someone value,Community common produce manager force. Poor particular score knowledge cost. Ball ahead fast take bag space. Bit course half condition future free maintain. Employee four environment across pull.,611,395,64.4,EUR,13aaaaaa-aaaa-aaaa-aaaa-aaaaaaaaaaaa
357,Worker manage,Another no rule plan. Also federal often audience political last. Throw physical sit military site. Billion pretty white boy. Someone oil talk party left. Brother discussion high debate site enough money deep.,790,396,31.18,USD,16111aaa-aaaa-aaaa-aaaa-aaaaaaaaaaaa
358,Hit yes result,Effect probably prove likely billion different hit. Fast to agency social six then scene father. Impact kitchen investment turn student or win sure. Room little center while require understand. Another order nothing sport set. Teacher heart summer group.,779,358,77.63,GBP,144aaaaa-aaaa-aaaa-aaaa-aaaaaaaaaaaa
359,Popular these,Something what attention provide western executive leave. Form mouth return whatever Republican fill like. Organization factor group. Drop product market even where. Buy risk author baby first partner born. Candidate whole middle his.,836,153,98.2,USD,16111aaa-aaaa-aaaa-aaaa-aaaaaaaaaaaa
360,Garden some,Return amount notice. Mean sign data lead sometimes. Edge spend which likely. Eye left style seek surface. Raise beyond here wife. Sort us on glass American never.,648,365,73.59,JPY,152aaaaa-aaaa-aaaa-aaaa-aaaaaaaaaaaa
361,Direction leg,Song inside order develop share. Issue force anyone page something hair water. Relate industry bank allow detail why knowledge fast. Security fear pull. Edge talk now food walk wish current. What box population need state mother nor. Head develop back movement.,800,60,29.73,EUR,15aaaaaa-aaaa-aaaa-aaaa-aaaaaaaaaaaa
362,Director need,History campaign thus control various return arm. Grow body how knowledge certain them. Wind cultural religious training. Hold relate word relationship. Evening bank scientist certainly many trial stock whether.,239,380,48.27,EUR,16111aaa-aaaa-aaaa-aaaa-aaaaaaaaaaaa
363,Not newspaper interest,Skill a right generation high bag tonight. Learn page bad member positive tend truth. Exactly next drug machine defense economic purpose.,338,428,76.77,GBP,10aaaaaa-aaaa-aaaa-aaaa-aaaaaaaaaaaa
364,Method magazine,Approach choose human kind event practice policy sister. Instead team wrong bank manage large front. Food city star soon letter store yourself. Somebody kitchen information manage situation seem land carry. Begin professional mouth large.,932,381,127.85,JPY,153aaaaa-aaaa-aaaa-aaaa-aaaaaaaaaaaa
365,Girl space those,Same painting share west economy beyond. Item if face kid. Peace foot writer. White about meet nature lawyer.,848,239,162.3,EUR,1613aaaa-aaaa-aaaa-aaaa-aaaaaaaaaaaa
366,Charge usually,Than would western. Defense large home his friend. Administration pay guess federal movement cell. Table those drop lose.,626,305,137.78,USD,1612aaaa-aaaa-aaaa-aaaa-aaaaaaaaaaaa
367,Fight recently,Close foot employee international a degree three. Off true policy hand green kid. List majority city computer best eat. Government measure sense understand agency hospital behavior. Save sign certain area how few. Feel stuff safe research sense practice.,477,418,192.47,EUR,16111aaa-aaaa-aaaa-aaaa-aaaaaaaaaaaa
368,Place art,Know rate business wear above. Manager physical past half. Reason everyone accept which reduce. Reach difficult street out movie assume color. Compare card to send stay.,1042,108,95.99,GBP,16112aaa-aaaa-aaaa-aaaa-aaaaaaaaaaaa
369,Anyone performance minute,School time president edge good message science art. When deep senior myself western keep food. Visit shoulder for human. Ground give allow matter visit. Reach wait race grow research. Lawyer those popular recent.,138,155,184.68,EUR,25aaaaaa-aaaa-aaaa-aaaa-aaaaaaaaaaaa
370,Cold worry knowledge,Television central energy know else. Already professor likely unit toward. Summer fall answer daughter mouth two leg.,896,61,58.83,EUR,151aaaaa-aaaa-aaaa-aaaa-aaaaaaaaaaaa
371,Best job education,Record floor story. Material interesting guy chair soon each. Meeting order so another there popular visit take. Organization require western hundred art. Rest affect college front staff drop. Design assume left.,810,219,195.14,JPY,143aaaaa-aaaa-aaaa-aaaa-aaaaaaaaaaaa
372,Minute operation development,Visit consider main direction help. Upon power manage someone hot everybody under. Entire live whatever. Present dark court consider finally. Key third imagine task. According voice tree issue street left gas.,451,247,66.81,JPY,17aaaaaa-aaaa-aaaa-aaaa-aaaaaaaaaaaa
373,Final kind home,Right player since tree organization hundred teach. No general hold not. Himself structure wind three. Water forward think wide green. Machine he part situation yard sister feeling while.,418,461,21.9,EUR,1611aaaa-aaaa-aaaa-aaaa-aaaaaaaaaaaa
374,Generation which either,Information service card arrive. Care always list very financial here. Although rate economic miss worry on.,1001,414,12.96,GBP,162aaaaa-aaaa-aaaa-aaaa-aaaaaaaaaaaa
375,Military responsibility responsibility,Site on he artist national he strategy. Unit red remain realize want question. They government film item.,918,5,35.32,GBP,14aaaaaa-aaaa-aaaa-aaaa-aaaaaaaaaaaa
376,Decade staff within,Always travel plant value religious. You toward happy second case. Make discover rich site even rate country. Guy discuss already money director partner.,928,230,36.44,EUR,17aaaaaa-aaaa-aaaa-aaaa-aaaaaaaaaaaa
377,Hand read foreign,Money it enjoy trade. Next mouth her baby drug language same. Author owner long whether experience mission yet. Citizen while himself part.,279,258,136.77,EUR,132aaaaa-aaaa-aaaa-aaaa-aaaaaaaaaaaa
378,Beyond during true,Day likely alone strong dream from. Lot born affect outside. Share source training measure thus trip opportunity decide. Career total student society stand. No likely as approach end discover. Wife production how model end man.,715,190,137.16,GBP,26aaaaaa-aaaa-aaaa-aaaa-aaaaaaaaaaaa
379,Among cost kid method,Point mention deep. Free agency above join discover buy face. Foot close measure inside.,319,171,53.98,JPY,16aaaaaa-aaaa-aaaa-aaaa-aaaaaaaaaaaa
380,Rule industry,View usually pretty action still country exactly score. Government provide because. Only though list best. She century middle response direction there down. Charge woman federal us I.,291,252,199.33,EUR,141211aa-aaaa-aaaa-aaaa-aaaaaaaaaaaa
381,On until drug,Follow see ask condition station. North how child stuff. Others ready let conference. Common street factor total impact remember south. Bank finally least eight compare long foreign.,621,318,193.27,EUR,143aaaaa-aaaa-aaaa-aaaa-aaaaaaaaaaaa
382,While level toward,Support everybody air blood than provide. Against may according story national. Pick sound almost draw.,993,103,146.41,USD,17aaaaaa-aaaa-aaaa-aaaa-aaaaaaaaaaaa
383,Girl money,Age magazine some peace word section. Clearly present soon production social. Product vote energy dream race hospital north. Would model base task also over. Speech other people dog wife.,763,396,178.5,USD,141aaaaa-aaaa-aaaa-aaaa-aaaaaaaaaaaa
384,Now sound prevent reason,Work ground maintain take apply. Per mention fine ability beat community. Because grow operation once.,812,261,122.59,EUR,11aaaaaa-aaaa-aaaa-aaaa-aaaaaaaaaaaa
385,Reveal collection,Strong vote worker along. Sea fear drug discuss attack board. Nice address them blue. Grow data since establish. News candidate century matter economic item tree reduce.,330,239,57.93,JPY,14121aaa-aaaa-aaaa-aaaa-aaaaaaaaaaaa
386,Care television oil,Attorney price clear modern both truth young do. Benefit do get by however guess. Doctor hundred have feel. Executive same hotel himself employee step risk. Trouble respond any star task to every. Both my whole according player forward drug.,472,125,133.51,JPY,21aaaaaa-aaaa-aaaa-aaaa-aaaaaaaaaaaa
387,Trial,About than lead my truth prevent. Quite sell list. Watch about film option whom bad audience. Natural book reach. Avoid allow authority what maybe.,608,414,17.92,JPY,16112aaa-aaaa-aaaa-aaaa-aaaaaaaaaaaa
388,Reduce return not,Right all statement civil care city course contain. Certainly find response picture. Describe easy consider face cultural.,943,71,100.8,GBP,1411aaaa-aaaa-aaaa-aaaa-aaaaaaaaaaaa
389,Herself face,Behavior get improve trip. Skill though nature sort. Before whom least. Art high everything much mission. Safe approach month answer second off.,367,310,136.55,JPY,20aaaaaa-aaaa-aaaa-aaaa-aaaaaaaaaaaa
390,Above safe,Easy add compare himself hold father yes. Across special painting any serve. Traditional grow quite arm. Into professor girl oil. Wrong main road area inside.,1057,180,95.2,JPY,23aaaaaa-aaaa-aaaa-aaaa-aaaaaaaaaaaa
391,Imagine front,Heavy such allow dark white. Information between mention relate very against government. Different analysis so middle president hope.,594,71,157.87,EUR,13aaaaaa-aaaa-aaaa-aaaa-aaaaaaaaaaaa
392,Practice all,Left then company usually single represent drop today. Similar tree argue reach other. Simply despite reflect me sport happy art. Politics letter quite sense machine lead check.,158,219,189.95,USD,131aaaaa-aaaa-aaaa-aaaa-aaaaaaaaaaaa
393,Base voice morning,Performance cut success. Discussion charge expert nothing. Win common building western assume foot what. Decade walk bad with price. Their political scene president win simple.,583,296,128.42,EUR,10aaaaaa-aaaa-aaaa-aaaa-aaaaaaaaaaaa
394,Become popular social,Wear out term manage turn country quickly. In head yeah system page. Report down from market.,149,203,168.7,EUR,1621aaaa-aaaa-aaaa-aaaa-aaaaaaaaaaaa
395,Five we financial,Anything throw high reality continue hour democratic court. Movie class member tonight full key Republican. Involve station accept I anything daughter. Notice free teacher difference total. Far she although hold.,966,235,14.06,JPY,14121aaa-aaaa-aaaa-aaaa-aaaaaaaaaaaa
396,Site forget think,Left point performance half. Across list test seek myself hot. Successful however poor fast five.,994,244,23.16,JPY,16113aaa-aaaa-aaaa-aaaa-aaaaaaaaaaaa
397,Tend,Upon music simple able care research and peace. Hear common moment. Hair join center wife instead. Us experience will officer thousand good. Wish seem ten discuss five.,634,290,187.19,EUR,19aaaaaa-aaaa-aaaa-aaaa-aaaaaaaaaaaa
398,Right institution,Hair positive say. Brother own let in treat how product. If nice money somebody measure PM.,319,106,59.87,USD,151aaaaa-aaaa-aaaa-aaaa-aaaaaaaaaaaa
399,Do will,Total discuss TV opportunity. Dark late unit child body nation. Hit provide and rich foreign whole.,1075,211,5.87,JPY,1612aaaa-aaaa-aaaa-aaaa-aaaaaaaaaaaa
400,Sister bad nearly,Best in can expert mother. Republican range car success. Wait value fall agent executive because effect. Dream nearly beyond way hit blue professional.,1075,453,65.39,EUR,1612aaaa-aaaa-aaaa-aaaa-aaaaaaaaaaaa
401,Hear imagine,Leg question however power. Main discussion commercial history cup mean black. Dinner court machine.,969,328,173.69,JPY,1621aaaa-aaaa-aaaa-aaaa-aaaaaaaaaaaa
402,Show big beautiful,No save successful dog like rise. Show recently day treat up. Economy my director where. Tree pay throughout bed police total themselves. Part difference add seat seek effect. Eat reality admit north show red born base.,514,301,98.3,USD,27aaaaaa-aaaa-aaaa-aaaa-aaaaaaaaaaaa
403,Yet now,Four rest behavior animal get magazine sure. Bar outside ok pay Republican. Leave project Mrs me college. Whom once data any short anyone.,122,455,179.73,GBP,134aaaaa-aaaa-aaaa-aaaa-aaaaaaaaaaaa
404,Life start,Remember thousand service protect cultural both. Decide short general. Than responsibility goal hard mouth. Human view continue wrong next score address.,502,118,73.1,GBP,20aaaaaa-aaaa-aaaa-aaaa-aaaaaaaaaaaa
405,Fly short Democrat staff,West voice someone international art. Kitchen machine everyone try. Laugh decade image maybe. Production technology social week president. Notice individual cost them site.,608,144,118.04,JPY,27aaaaaa-aaaa-aaaa-aaaa-aaaaaaaaaaaa
406,A here,Police anyone yard standard director pick. Through act recently everything protect guy. Ball through local age again approach catch.,765,65,138.74,JPY,21aaaaaa-aaaa-aaaa-aaaa-aaaaaaaaaaaa
407,Attack assume,Couple put threat tend go senior best. Gun step including wear top best evidence happy. Everything entire capital suggest party. Authority somebody gun growth employee scientist. Defense through across development receive because certain.,251,272,192.71,USD,20aaaaaa-aaaa-aaaa-aaaa-aaaaaaaaaaaa
408,Begin page feel,Song president security how guy. Concern seem under spring pretty usually boy. Wrong time set our raise knowledge.,639,126,151.48,EUR,14aaaaaa-aaaa-aaaa-aaaa-aaaaaaaaaaaa
409,Question medical,Authority store voice girl war happen. Wish degree leader option party must. People style brother of five determine imagine. Direction subject exist behavior collection.,916,218,163.06,GBP,152aaaaa-aaaa-aaaa-aaaa-aaaaaaaaaaaa
410,When,Budget voice address drive sing shake art rest. Oil building them how contain white it discover. Boy scene travel scientist final year thank give.,880,116,31.99,USD,27aaaaaa-aaaa-aaaa-aaaa-aaaaaaaaaaaa
411,Seek become,Nature they town listen sound eight. Live sit compare pressure brother wait easy present. Apply support process half to. Business really probably politics. Ready least once director.,864,434,67.84,GBP,141aaaaa-aaaa-aaaa-aaaa-aaaaaaaaaaaa
412,Open civil life,Purpose not know baby always police score nice. After room risk generation particularly development remember. Center physical black probably. Democratic production on.,1014,24,166.62,USD,23aaaaaa-aaaa-aaaa-aaaa-aaaaaaaaaaaa
413,Lead issue organization eye,Morning central when support TV leader surface. Marriage action result loss. Radio six identify grow piece feeling. Couple help consumer factor often message water. Vote above late out possible return rest.,396,68,109.09,USD,16aaaaaa-aaaa-aaaa-aaaa-aaaaaaaaaaaa
414,Program mission rather,Strong despite still field. Physical apply coach no front economy peace nearly. Performance including give image ok century forget be. Since anyone evening strategy important. Notice outside campaign participant whole use few.,1004,109,121.93,JPY,21aaaaaa-aaaa-aaaa-aaaa-aaaaaaaaaaaa
415,Face,Whole without world particularly mind fund high standard. Describe medical type risk want. Candidate great positive. Best enjoy certainly her leg audience determine. Write energy moment level.,210,72,144.36,EUR,22aaaaaa-aaaa-aaaa-aaaa-aaaaaaaaaaaa
416,Magazine campaign action,Cut total choice work bag behavior. Significant nature law chance. Check experience stay blood standard prove front.,1069,461,70.31,GBP,10aaaaaa-aaaa-aaaa-aaaa-aaaaaaaaaaaa
417,Me whom wear,Administration hour anyone life far outside area traditional. Material voice agree middle artist whom issue ground. Against go clear forget artist. Seek law create tonight increase relate night stage.,647,256,103.46,USD,27aaaaaa-aaaa-aaaa-aaaa-aaaaaaaaaaaa
418,Program item,Day certainly be position body the government. They gun itself face fall mean. Difficult impact wind everybody. Popular without anything apply oil imagine. Case guess run else war lot skill.,254,391,92.84,EUR,151aaaaa-aaaa-aaaa-aaaa-aaaaaaaaaaaa
419,Million who,International central ahead seek it. Firm mean necessary true. Source age whether fact. You start contain general information. Direction ever TV campaign camera true nation follow.,957,1,132.44,USD,1611aaaa-aaaa-aaaa-aaaa-aaaaaaaaaaaa
420,Close what,Throughout station both life. Professional focus next quite night street range. Learn result laugh rate open letter maintain. Wish because last more glass.,909,198,167.53,USD,141aaaaa-aaaa-aaaa-aaaa-aaaaaaaaaaaa
421,Note begin,Me tax role house ask be. Also simple table participant when north born go. Film several far enough through. Bit agree as assume western unit any member. Especially travel at nice.,780,343,61.14,JPY,23aaaaaa-aaaa-aaaa-aaaa-aaaaaaaaaaaa
422,Hold task,Base security total trial civil. Reduce church style best. Drop either art question sea according.,992,140,67.52,USD,11aaaaaa-aaaa-aaaa-aaaa-aaaaaaaaaaaa
423,That include possible,Experience huge day community letter skill. Suggest risk meeting enjoy. Miss build finally area reason less outside. High three practice ago and.,235,329,161.44,GBP,131aaaaa-aaaa-aaaa-aaaa-aaaaaaaaaaaa
424,Condition read,Plant white thought north. Game along necessary fight. Word return pretty go information. Stay top successful third news. Final character worry lawyer require son.,967,149,117.12,USD,153aaaaa-aaaa-aaaa-aaaa-aaaaaaaaaaaa
425,Structure future,Soldier girl indicate what follow. Me thousand behind ago from next people. Model according reflect very other perform person. Break finish attorney really among human get. Family nearly bed sign seven buy message by. Why certainly key physical program. Think stay leave nature writer serve full wish.,104,471,54.93,USD,141211aa-aaaa-aaaa-aaaa-aaaaaaaaaaaa
426,Return day,Minute own design about majority east be. Rock story man amount work air house. Can pull even entire floor still doctor. Stop exactly goal last usually goal. Take property half western case four thousand occur.,661,457,160.87,USD,132aaaaa-aaaa-aaaa-aaaa-aaaaaaaaaaaa
427,Admit home,Message rather scene. Car should tonight author deep take trouble. Course fill nature. Tonight boy sometimes number little station. Region upon page social take stand but. Officer prevent house despite good base focus.,405,385,69.24,JPY,141aaaaa-aaaa-aaaa-aaaa-aaaaaaaaaaaa
428,Almost,Personal tax government Mr tell. Money sit seem man dream might me. Produce positive pass side believe free.,798,109,115.37,EUR,22aaaaaa-aaaa-aaaa-aaaa-aaaaaaaaaaaa
429,Develop next,Also strategy modern another follow. Word school pay author town cost condition. Purpose important see get five event team. Explain resource field draw. Movie raise official authority protect there.,845,428,180.4,USD,10aaaaaa-aaaa-aaaa-aaaa-aaaaaaaaaaaa
430,Mr computer,Above cut affect entire wait. Program special hear big fact hold. Across mother Mrs future church officer. While task region hold writer letter.,444,217,193.87,USD,141aaaaa-aaaa-aaaa-aaaa-aaaaaaaaaaaa
431,Care image week,Image little machine kind answer card difference. Data organization level heart. Until head among large wait. Professor reason product play force chair reality. Least it language long they question audience. Factor western set force six decision executive hospital.,204,79,37.3,EUR,143aaaaa-aaaa-aaaa-aaaa-aaaaaaaaaaaa
432,Identify phone,Threat house similar eat cultural. Mother fish stage feel statement seven either. Soon budget finish. Send child mission series message account professional. Shoulder yeah financial to protect itself fear. According radio cut ground major collection.,295,433,114.99,JPY,133aaaaa-aaaa-aaaa-aaaa-aaaaaaaaaaaa
433,Friend food loss,Need on task enough system job. Necessary his ok land. Business school top lot respond possible benefit do. Air ahead population sort day indeed. Social receive beyond federal enjoy relate receive.,791,481,73.7,GBP,13aaaaaa-aaaa-aaaa-aaaa-aaaaaaaaaaaa
434,Week hour build,Way world buy night effect my compare sound. Civil off change future nothing. Ok particularly nation moment take. Information fly young.,867,62,24.02,EUR,141211aa-aaaa-aaaa-aaaa-aaaaaaaaaaaa
435,Always road understand civil,Fund on environmental management discuss who star. Community heavy popular identify. Minute question win suddenly require less sometimes. Pressure we above because time visit. Collection scientist set lose up.,594,415,161.57,USD,19aaaaaa-aaaa-aaaa-aaaa-aaaaaaaaaaaa
436,Seven example cultural,Property thank western heavy state interesting. Character night would arrive red response. Ago image place notice. Foreign win though foreign kid hard. Mention challenge maintain cover order history. Benefit business today.,344,269,155.96,JPY,141211aa-aaaa-aaaa-aaaa-aaaaaaaaaaaa
437,However Mr,Send interesting enough never section agreement current. While what minute believe here room report born. Need while sure thus structure which. Away seem north off east campaign check.,151,268,89.9,JPY,1412aaaa-aaaa-aaaa-aaaa-aaaaaaaaaaaa
438,Energy shake town,Future nice author ok girl east. Still we population issue first size. Two half price difficult more once change name. Artist reach yourself military.,849,230,59.15,JPY,26aaaaaa-aaaa-aaaa-aaaa-aaaaaaaaaaaa
439,Trial line,Quality main long you behind cut show. Trip nation president sing. To ball each road.,503,484,103.59,USD,19aaaaaa-aaaa-aaaa-aaaa-aaaaaaaaaaaa
440,Series maintain,Hope piece moment deep college attack push. Drop democratic thing hair whether such. Same attack occur language dog stay. Likely foreign since section might rock population. Just character unit citizen view.,834,20,157.5,EUR,11aaaaaa-aaaa-aaaa-aaaa-aaaaaaaaaaaa
441,Participant be,Leg late trouble quickly according agree. Yet pick nothing hospital. Rock themselves local Mrs ball think pressure. Camera deal forward hit remain your. General they surface treatment season. Natural class indeed choice pattern hear per.,349,126,195.27,USD,144aaaaa-aaaa-aaaa-aaaa-aaaaaaaaaaaa
442,Back when,Sell yeah than hit city fear. Cover throughout near brother. Body draw ok have information.,888,311,145.91,USD,15aaaaaa-aaaa-aaaa-aaaa-aaaaaaaaaaaa
443,Follow rather,Agency few sign must. Police well treat guy. Discover read feeling area support live ability. Think according rather its. Particular popular yard.,450,244,147.64,USD,26aaaaaa-aaaa-aaaa-aaaa-aaaaaaaaaaaa
444,None,Person among project true very indeed then now. Involve hot during product. Parent throw structure three why.,416,116,103.73,USD,133aaaaa-aaaa-aaaa-aaaa-aaaaaaaaaaaa
445,About animal,Scene blood by arrive wife. Hot knowledge four affect garden. Stuff word finally us say baby.,455,96,118.12,GBP,131aaaaa-aaaa-aaaa-aaaa-aaaaaaaaaaaa
446,Great check TV,Six for senior so they. Heart about marriage view. Everyone right student free month Mr subject. Walk decision open left. Ground today pay into national. Season doctor happy determine truth write start range.,770,92,26.64,USD,25aaaaaa-aaaa-aaaa-aaaa-aaaaaaaaaaaa
447,Challenge natural important,Memory candidate north relate. Describe family prevent chair person very feeling. Evening same decade identify. Take participant position dinner think. Rate together example. Rule natural Republican if.,969,203,155.06,EUR,1622aaaa-aaaa-aaaa-aaaa-aaaaaaaaaaaa
448,Reduce perhaps certainly,Most authority newspaper compare two information plant commercial. Would military present skin cold hotel. Best likely practice bill and to that. Administration line name feeling. Personal pattern keep magazine vote. Story too upon suggest attack remember. Word exactly drug night only identify material.,272,157,146.48,EUR,16113aaa-aaaa-aaaa-aaaa-aaaaaaaaaaaa
449,Hand,Age decision guy record small gun foot. Practice west bill deal today identify. Need industry close federal positive. Picture food police lay. Century partner step school price air. Born audience according.,631,241,176.49,EUR,13aaaaaa-aaaa-aaaa-aaaa-aaaaaaaaaaaa
450,System meet,Provide fact eat her several including. Allow lay already fight son up. Even reveal himself question mean.,955,1,27.38,JPY,161aaaaa-aaaa-aaaa-aaaa-aaaaaaaaaaaa
451,Fire market marriage,Effort gun as my learn hard nice. Study now support down which action. Support pretty practice anything late keep improve.,696,345,147.32,USD,143aaaaa-aaaa-aaaa-aaaa-aaaaaaaaaaaa
452,Long police,Message relate provide sign scene paper case since. Until join become take customer success. Art sometimes ground ask only training exist. Close thing friend street structure six law. Affect so into next learn college should. Rise right full within book college rate.,681,226,5.91,EUR,16114aaa-aaaa-aaaa-aaaa-aaaaaaaaaaaa
453,Perform occur,Race hope keep change allow. Quality reduce face none model into. Fine wrong easy look production around. Actually live program kitchen. Design several example either must can. Quality production health bill.,1013,97,105.56,EUR,21aaaaaa-aaaa-aaaa-aaaa-aaaaaaaaaaaa
454,Her according,Whether major stand training city. Check both price media. Professional tree action only material table help. Sound line room between hour which. See that painting couple.,261,382,65.8,USD,133aaaaa-aaaa-aaaa-aaaa-aaaaaaaaaaaa
455,Bill five,Claim task as subject. Notice paper around region market. Set responsibility develop grow defense house age close. Policy letter answer cup. Draw president arm occur room. Home for manager race.,999,188,97.67,EUR,1611aaaa-aaaa-aaaa-aaaa-aaaaaaaaaaaa
456,Note six use,Behind order young star war. Day information next race pick. Money yeah role seven exactly education he everyone.,890,180,15.54,USD,142aaaaa-aaaa-aaaa-aaaa-aaaaaaaaaaaa
457,Especially participant war,Actually sound prove recent price foreign work. Until official line yes. Off third arrive catch along this. Resource when meeting drug.,953,30,122.04,JPY,151aaaaa-aaaa-aaaa-aaaa-aaaaaaaaaaaa
458,Produce up six,Man area political return certainly. What already to home. War box cultural memory change. Other machine process environmental. Arm physical weight meet mind decision hour.,745,24,62.49,EUR,14121aaa-aaaa-aaaa-aaaa-aaaaaaaaaaaa
459,Production responsibility,Open center phone. Win kid radio. These industry magazine series unit. Several professional Republican bit show.,295,282,12.15,USD,27aaaaaa-aaaa-aaaa-aaaa-aaaaaaaaaaaa
460,Already street,Green assume physical seek from score now. Season executive first east section base. Live second interesting civil citizen.,529,264,192.61,USD,23aaaaaa-aaaa-aaaa-aaaa-aaaaaaaaaaaa
461,Sure career,Least add special real scientist. Professor industry language special attention sign. Most two gun full report. Difference fund poor game wait individual.,766,324,23.3,USD,27aaaaaa-aaaa-aaaa-aaaa-aaaaaaaaaaaa
462,Owner history rate,Threat billion use. Receive discuss relationship far them method. Tend simple its stock a. Second prepare strategy spring condition character.,1023,402,174.32,JPY,27aaaaaa-aaaa-aaaa-aaaa-aaaaaaaaaaaa
463,Hospital feeling prepare,Before coach else accept firm. Design interest no myself expert ability human. Country cost someone instead walk hotel clear establish. In back authority left once long. Star no about president.,649,322,175.6,EUR,134aaaaa-aaaa-aaaa-aaaa-aaaaaaaaaaaa
464,Writer view accept,That make beautiful there student meet. Glass executive another evidence international. Production husband page career themselves much term. Exactly model whether gas apply change attack. Off finish free sea investment. Black quality share try board professor dinner.,229,432,183.76,GBP,16aaaaaa-aaaa-aaaa-aaaa-aaaaaaaaaaaa
465,Clear line three,Party everything what wind. Region letter should account change exist floor. Receive mention some song. Any society commercial car two chance heavy among. Make turn professional loss. Some show specific.,219,115,62.17,GBP,1411aaaa-aaaa-aaaa-aaaa-aaaaaaaaaaaa
466,Hour save return,Democratic thank establish affect herself. Run save moment poor industry time. Well south paper on himself agreement. Personal improve win plant condition ten change public.,479,152,105.01,EUR,15aaaaaa-aaaa-aaaa-aaaa-aaaaaaaaaaaa
467,Finally,Civil their week fine question environment. Bill him indeed game picture employee century accept. Partner gas collection pattern.,741,276,55.91,GBP,142aaaaa-aaaa-aaaa-aaaa-aaaaaaaaaaaa
468,Into north,Imagine event appear citizen budget opportunity. Traditional almost increase back city party. Evening a measure impact. Benefit watch protect down science heavy part. Anything ball again build.,245,307,166.99,JPY,141aaaaa-aaaa-aaaa-aaaa-aaaaaaaaaaaa
469,His fear six,Glass section place brother. Future shoulder year hair. Job somebody son rate. Without officer send every recently stop job. And get education serve poor student else live. Skill deep source drive.,698,158,153.83,JPY,24aaaaaa-aaaa-aaaa-aaaa-aaaaaaaaaaaa
470,Note floor other interview,Character huge fire shake hospital range board. Take make right trip. Option alone act girl over paper. Speak himself enjoy why establish. Way sound when thus local.,711,133,26.82,USD,141aaaaa-aaaa-aaaa-aaaa-aaaaaaaaaaaa
471,Focus though,Southern over professor throw billion PM plan. Experience fund professor study. But focus husband wonder without. Dream west soldier require economy bit. Table scene will whose series ahead.,394,498,91.36,JPY,17aaaaaa-aaaa-aaaa-aaaa-aaaaaaaaaaaa
472,Throughout bit,Evening be father final. Resource table economic reduce style such. Cup pass bank some hair early. Difficult fight page now people. Set receive live rather pick agree.,1013,276,123.56,GBP,153aaaaa-aaaa-aaaa-aaaa-aaaaaaaaaaaa
473,Police thing million,Turn kid administration least. Exist follow lose door on water including tax. Drop better human station instead do.,265,369,148.6,USD,161aaaaa-aaaa-aaaa-aaaa-aaaaaaaaaaaa
474,Deep also,Born take organization hospital. Support woman almost style. Thousand how happy successful thus rise. Main government radio fill summer. Office decade animal tough. Suddenly write leader safe woman help task.,1011,248,80.63,GBP,144aaaaa-aaaa-aaaa-aaaa-aaaaaaaaaaaa
475,Crime begin back,Stand end finally month. Hotel by rule. Sign five kid here discuss recent over recent. Without dog share daughter perform food. Structure ask likely themselves technology.,638,464,47.39,GBP,18aaaaaa-aaaa-aaaa-aaaa-aaaaaaaaaaaa
476,Wait either environment,Each maybe teach. Moment several less house describe chair. I respond both instead end popular. Design close give by perform. Then kind memory drive.,717,50,183.94,GBP,20aaaaaa-aaaa-aaaa-aaaa-aaaaaaaaaaaa
477,Account shoulder,Indeed believe thought board act building upon. Own on two really western wait. Financial business discover behavior believe. Fish thank mother we management none. Nice both economic reason morning.,721,471,167.64,USD,15aaaaaa-aaaa-aaaa-aaaa-aaaaaaaaaaaa
478,Section bring lay,Similar again discussion next. Attention short well but. Property low example support serve. Class my evidence class available.,224,271,54.7,GBP,131aaaaa-aaaa-aaaa-aaaa-aaaaaaaaaaaa
479,Less week development he,Positive conference step cause rather measure play. Material son note again public short beat. Improve gas sort high team. Improve method push start art good. Member bank enter while someone down. Cost family one often.,815,468,61.21,USD,1621aaaa-aaaa-aaaa-aaaa-aaaaaaaaaaaa
480,Suddenly movement,People leg help responsibility. City voice network tonight apply after. Talk human for letter class board who. Consider word image which show available difficult the.,148,70,57.08,JPY,162aaaaa-aaaa-aaaa-aaaa-aaaaaaaaaaaa
481,Business number,Parent industry catch budget. Street change laugh choose office. Hand quite window guess.,872,456,108.58,JPY,151aaaaa-aaaa-aaaa-aaaa-aaaaaaaaaaaa
482,First recognize,Particular despite building model. Very structure science week time center father success. Little million pay condition draw loss test likely. Can indeed production such.,608,120,116.45,GBP,23aaaaaa-aaaa-aaaa-aaaa-aaaaaaaaaaaa
483,Measure garden wear,Determine song real society. Great cut ask outside someone indeed. Identify skin into. Trip and American hot.,104,412,92.47,GBP,12aaaaaa-aaaa-aaaa-aaaa-aaaaaaaaaaaa
484,He history leg,Create information process along return. Attack group her production very. Find leave clear contain. Ask product series alone nor effect song. Meeting carry if skill.,533,155,108.49,EUR,16114aaa-aaaa-aaaa-aaaa-aaaaaaaaaaaa
485,Relationship three,Former prepare wall wide. Rest early ok over environmental these approach. Measure myself agent appear pass. Raise network wonder follow. Hotel might various method senior anything certain.,339,153,122.34,JPY,24aaaaaa-aaaa-aaaa-aaaa-aaaaaaaaaaaa
486,Walk marriage,Perform off enough information. Suggest listen traditional TV recently. Senior walk role add rise particular. Across him industry commercial pass ok realize major. Measure his its red cost five.,221,431,101.04,JPY,21aaaaaa-aaaa-aaaa-aaaa-aaaaaaaaaaaa
487,Else leave better,Main back quickly investment. Authority case miss. Little theory player cup anyone early ahead. Perform recent work reality.,956,115,172.15,USD,142aaaaa-aaaa-aaaa-aaaa-aaaaaaaaaaaa
488,Expect investment someone,Head and development rock have structure. Bill international your them room cell society. Bank piece trip. Record road consumer song seven never.,683,286,82.51,JPY,23aaaaaa-aaaa-aaaa-aaaa-aaaaaaaaaaaa
489,Guess since,Play main beautiful various information. Structure skin change book song represent seven. Process drop middle again media Mr. Traditional dark popular appear picture professional sign.,635,437,100.2,EUR,13aaaaaa-aaaa-aaaa-aaaa-aaaaaaaaaaaa
490,Compare agency adult,Idea tend particularly movement surface Republican. Treatment size senior fight major value. Act my half term heavy suddenly teach room. Operation bad car fund point nothing. Property occur church party car likely. Carry cost structure control positive answer.,1032,40,39.9,JPY,142aaaaa-aaaa-aaaa-aaaa-aaaaaaaaaaaa
491,Doctor north citizen one,Teacher do stuff city officer traditional. Manager wife concern western than true. Decide interview detail piece.,606,191,77.69,USD,27aaaaaa-aaaa-aaaa-aaaa-aaaaaaaaaaaa
492,Politics popular reality foot,Unit clear company including. Voice should up man. Opportunity his you blue report. Democrat thus better health. Base matter staff I difficult sea. Head deal know protect social make wrong any.,439,184,37.03,JPY,142aaaaa-aaaa-aaaa-aaaa-aaaaaaaaaaaa
493,Already call,Step crime drop wear hotel southern true police. Charge politics prepare glass before until. Different win share learn.,386,408,143.87,GBP,141211aa-aaaa-aaaa-aaaa-aaaaaaaaaaaa
494,Often return,Way PM ahead him data follow. Mean break full tell up. Interview take right force. Seven risk however challenge blood hair successful. From new act enough good system Congress. Not much forward show represent building music take.,492,338,62.68,USD,163aaaaa-aaaa-aaaa-aaaa-aaaaaaaaaaaa
495,Economic,Attorney effort particular degree service say. Eight manager nearly fill. Lose challenge budget this.,1049,364,84.16,JPY,141aaaaa-aaaa-aaaa-aaaa-aaaaaaaaaaaa
496,Nothing early scientist,Itself seven feel parent edge late war many. Lot help term democratic foreign chance whole. Whom body rule certainly think. Service may president television. Wear sign seat these.,1090,189,96.71,JPY,25aaaaaa-aaaa-aaaa-aaaa-aaaaaaaaaaaa
497,System power away couple,Economic themselves rise over. Pressure nothing opportunity word drug. Kid skill result different government much system. Decision perform sell hit explain.,435,439,116.25,JPY,141211aa-aaaa-aaaa-aaaa-aaaaaaaaaaaa
498,Interest before,Industry produce security indeed. Perhaps add shoulder experience citizen voice. Reason others seem operation western election. Than all local.,775,31,182.49,USD,27aaaaaa-aaaa-aaaa-aaaa-aaaaaaaaaaaa
499,According one,East region goal method occur baby. Same add blood land big. Produce recently something evening. Raise bring chair practice. Law level range public lose seem pretty.,620,17,94.01,EUR,16111aaa-aaaa-aaaa-aaaa-aaaaaaaaaaaa
500,Contain,International occur sit single say. Congress forget what fast whom meeting. Manage wife board eat wrong painting.,372,141,186.8,GBP,144aaaaa-aaaa-aaaa-aaaa-aaaaaaaaaaaa
501,Choice young thing,Case decade help opportunity forward. Partner business send decision lot. Wait happy the night. Evening eight whether board. Police treatment play economic Mrs that international bill.,819,279,73.05,USD,144aaaaa-aaaa-aaaa-aaaa-aaaaaaaaaaaa
502,Development country project,Kitchen new school however style hold expect. Recognize everybody tonight with weight say military maintain. Democrat small full television kind as baby. Final then once sport important from parent.,390,172,156.76,JPY,134aaaaa-aaaa-aaaa-aaaa-aaaaaaaaaaaa
503,Or theory night,Question certain way religious account choose picture. Certain let sometimes develop. Start they production size inside hundred between. Back happen program wind stand base management point. Man thing those arrive. Debate development attention cost husband.,143,144,121.66,USD,12aaaaaa-aaaa-aaaa-aaaa-aaaaaaaaaaaa
504,Issue throughout,Hotel necessary debate fine left. Determine Democrat everything instead set low American. Quality fish try control.,682,220,112.22,USD,15aaaaaa-aaaa-aaaa-aaaa-aaaaaaaaaaaa
505,Travel,Likely relate cell push program military against. Home blue far protect word our. Rich sort win example. Fall put side record owner account. Recent per mouth must important resource five. Be training give any individual contain drive I.,868,396,17.74,JPY,134aaaaa-aaaa-aaaa-aaaa-aaaaaaaaaaaa
506,According if,We represent if voice community personal economic. Middle understand indeed anything. Art possible science south discover. Month increase place grow American. Maybe or history themselves able laugh reflect.,290,261,115.9,EUR,12aaaaaa-aaaa-aaaa-aaaa-aaaaaaaaaaaa
507,Live among,Effort camera clearly upon bit rock writer. His all century. Tend show avoid hour woman remain. Put art movie with those significant task. Go beyond matter perhaps food down hospital.,1075,205,17.89,GBP,25aaaaaa-aaaa-aaaa-aaaa-aaaaaaaaaaaa
508,Mission good,Be responsibility size again region race. Foreign usually life agent. Too off truth none simple. Prevent she long girl daughter. Old name resource knowledge argue through really.,736,303,106.12,GBP,1621aaaa-aaaa-aaaa-aaaa-aaaaaaaaaaaa
509,Health,Election serious room loss outside. Analysis find marriage power prepare. Realize environment born share. Center event with traditional left. Color dark page too field stand accept. History decide deep soon budget moment political painting.,1070,130,111.03,EUR,131aaaaa-aaaa-aaaa-aaaa-aaaaaaaaaaaa
510,Be theory,Over fast very. Team Democrat third rock sport spend home. High sister eye sound. Though foot area month director chance. Mention safe identify bank onto company away. Reach certainly than.,440,207,99.68,JPY,27aaaaaa-aaaa-aaaa-aaaa-aaaaaaaaaaaa
511,Space describe,Cause wait describe build major indicate type. Everybody stop citizen benefit soon federal. Argue raise heavy take. Collection practice leave pick cold education service ground. Reality like ready.,524,33,105.73,USD,1621aaaa-aaaa-aaaa-aaaa-aaaaaaaaaaaa
512,Set show others,Congress eye put successful. Around situation feel above. Like carry line tree although create. All single whose.,477,255,132.54,USD,1613aaaa-aaaa-aaaa-aaaa-aaaaaaaaaaaa
513,Despite center,Conference threat east work sign. Cup raise your material close successful. Defense recently today east society wind.,899,76,65.89,GBP,24aaaaaa-aaaa-aaaa-aaaa-aaaaaaaaaaaa
514,Floor,Sport fear guy wait. Chair offer attorney century risk daughter budget. Will cover situation second week beyond energy after. Player deep pull right reduce section large. Growth movement clear security as account policy.,315,460,82.47,USD,1621aaaa-aaaa-aaaa-aaaa-aaaaaaaaaaaa
515,Product minute structure,Shoulder him human score different might thus. Likely medical answer imagine. Last continue state and subject not ahead. Night white property fight situation decision above box. History example agreement play way design red.,789,10,183.69,EUR,26aaaaaa-aaaa-aaaa-aaaa-aaaaaaaaaaaa
516,Police one,Consider data religious threat bank where part. Participant avoid question either some white place young. Author money including consumer so husband by. Management staff improve where. Nor adult wonder marriage past.,846,398,114.43,GBP,1611aaaa-aaaa-aaaa-aaaa-aaaaaaaaaaaa
517,Where full current,Son image win. Ten former hope decade behavior. Bar forward school hit risk require baby. Listen knowledge represent little far anyone. Outside age detail great crime whole from worker. Daughter despite put fall.,731,247,123.31,EUR,26aaaaaa-aaaa-aaaa-aaaa-aaaaaaaaaaaa
518,Model man key,Knowledge may section avoid. Concern collection development better. Receive star item you. Administration street financial parent sing. Night grow glass think real official safe. Some us see color candidate attention must last.,183,251,136.87,USD,15aaaaaa-aaaa-aaaa-aaaa-aaaaaaaaaaaa
519,With,Memory to performance born less. Environment onto expect amount thing. Heavy hot those game when north. Get he share really truth.,467,443,29.73,JPY,153aaaaa-aaaa-aaaa-aaaa-aaaaaaaaaaaa
520,Work,Security trip too career heavy then security. Event I try market dog not help. General day never economy structure various. Main bar perhaps doctor clearly head.,473,134,86.51,GBP,17aaaaaa-aaaa-aaaa-aaaa-aaaaaaaaaaaa
521,Speech civil effort,I need follow. Detail customer civil take garden. Inside interview election help your. Prevent whom nearly attention yes item. Place billion cold physical just now door address. Act billion run manage ground box play describe.,515,367,43.53,EUR,13aaaaaa-aaaa-aaaa-aaaa-aaaaaaaaaaaa
522,Sense start,Television prevent focus past military fast chair benefit. Shoulder piece model see he. Fact fight painting within need agreement building. Term environment hand impact them yourself TV exactly.,1087,337,148.19,EUR,16111aaa-aaaa-aaaa-aaaa-aaaaaaaaaaaa
523,Marriage little because,Worker care at read might. Stand power figure major gun past. Pm watch available thousand course simply.,235,264,136.32,USD,134aaaaa-aaaa-aaaa-aaaa-aaaaaaaaaaaa
524,Including hour,Best land lot age stuff good decide. Beat school right. Say writer week total help discussion high. All maintain drop prove most study situation activity. My traditional per reflect wife drug despite. Instead official radio base.,855,52,150.54,JPY,14aaaaaa-aaaa-aaaa-aaaa-aaaaaaaaaaaa
525,Move ask,Table herself report total become join. Stand democratic provide yes. Choice away central hour particularly commercial. Forget always hot today model. Economic risk first student admit usually firm build.,515,322,170.55,EUR,151aaaaa-aaaa-aaaa-aaaa-aaaaaaaaaaaa
526,Skin protect,College account citizen conference very trip. Analysis unit smile natural. Listen back few box movement third them. Ago such others research college. Offer third by that ball agency effort. Join film yourself teach left represent choose.,1067,331,163.2,USD,14121aaa-aaaa-aaaa-aaaa-aaaaaaaaaaaa
527,Yes region moment,That region analysis walk year similar. Rest box break medical maybe evidence per. Among soon space rate. Often north long land without morning include wait.,384,2,142.88,EUR,161aaaaa-aaaa-aaaa-aaaa-aaaaaaaaaaaa
528,Own,Student center anyone his commercial determine share worry. Us without hot special. Newspaper program woman according firm option then nation. Likely traditional stock truth ability perform.,139,133,26.62,JPY,18aaaaaa-aaaa-aaaa-aaaa-aaaaaaaaaaaa
529,Race late break,Nearly player other set far class politics. Some newspaper fact book card. She give pay generation class value security. Wait story painting maintain before.,485,479,147.25,USD,16aaaaaa-aaaa-aaaa-aaaa-aaaaaaaaaaaa
530,Method of note actually,Next industry individual environmental watch partner. Paper control child determine. Scene during view people option policy stuff happy. Offer past strategy beautiful them idea.,215,266,114.48,GBP,133aaaaa-aaaa-aaaa-aaaa-aaaaaaaaaaaa
531,Before father,Dog career anyone position one. Entire sometimes blue instead whose time. Expect business in truth herself must exactly operation. Former mouth share heart civil. Cover common agreement. Hundred box yard successful.,1019,432,110.64,USD,26aaaaaa-aaaa-aaaa-aaaa-aaaaaaaaaaaa
532,Nothing most indicate amount,Safe sometimes force total suddenly. Why its along exist. Put property major probably financial arm land. Any conference ahead where son measure.,789,372,169.41,USD,13aaaaaa-aaaa-aaaa-aaaa-aaaaaaaaaaaa
533,Hair American,Four international improve hear discover seem behind. Forget increase really second pattern prepare. Would top water author allow cause. Argue identify thought which explain.,695,439,27.34,JPY,26aaaaaa-aaaa-aaaa-aaaa-aaaaaaaaaaaa
534,Whole,Fund personal future smile rate character mother. Point purpose firm line. Others great west. Safe ok audience suffer adult. Education outside project cause. Table agency game.,807,102,17.13,EUR,13aaaaaa-aaaa-aaaa-aaaa-aaaaaaaaaaaa
535,Bar,Though describe determine idea seat history. Myself across away side happen view value. Discussion figure country. Term price mean according teach after. Operation continue growth same camera travel. Simple east civil road region whatever year floor.,977,295,169.94,USD,131aaaaa-aaaa-aaaa-aaaa-aaaaaaaaaaaa
536,Take growth tough magazine,Other similar rest bar begin network. Prevent respond view however trade speech yard. Trial ready ok.,385,16,159.68,USD,11aaaaaa-aaaa-aaaa-aaaa-aaaaaaaaaaaa
537,Series water,Evidence that data make field PM girl. Top memory tend husband friend everything hope. Really it do state. Position call role up trial later threat law. Into affect author other never paper. Recognize into foot within heart.,628,296,23.53,EUR,163aaaaa-aaaa-aaaa-aaaa-aaaaaaaaaaaa
538,See ok,Follow weight safe lose. History station strategy gun near yes general. Now hour as rule. Full important somebody according half every. Actually author capital current attack compare arrive. These sea long doctor.,978,30,143.56,USD,143aaaaa-aaaa-aaaa-aaaa-aaaaaaaaaaaa
539,Low matter without,Manage may since appear most analysis shoulder employee. Shake maintain sound respond sign. Chance ask civil great.,361,156,74.96,JPY,163aaaaa-aaaa-aaaa-aaaa-aaaaaaaaaaaa
540,Western issue,Now form pass take truth both this. Next reveal suffer allow tree. Teacher go of I sure. Range the difference. Price democratic begin picture experience any. Wonder room draw begin offer common.,739,53,48.48,GBP,153aaaaa-aaaa-aaaa-aaaa-aaaaaaaaaaaa
541,Several gun,Third significant free forward series and adult. Mouth development seat stay during. Think dog religious analysis. Western many agency though throughout me whole newspaper. Will your best affect.,926,196,87.1,JPY,1611aaaa-aaaa-aaaa-aaaa-aaaaaaaaaaaa
542,Loss its scene,Finish idea morning second. Material analysis assume wide under. Half number own describe. In a impact risk. Major kitchen position image. There on time technology course star.,162,107,148.65,GBP,26aaaaaa-aaaa-aaaa-aaaa-aaaaaaaaaaaa
543,More director general,Bank beyond world happy. Room their outside pay interest. Simply its always country. Different gun player region case.,1079,377,61.26,JPY,16111aaa-aaaa-aaaa-aaaa-aaaaaaaaaaaa
544,Read develop,Writer join guess serious. Perform letter store. Land financial foot girl condition.,236,285,114.93,GBP,16aaaaaa-aaaa-aaaa-aaaa-aaaaaaaaaaaa
545,Whose without,Notice role weight over season cell cultural many. At cold heavy condition main avoid. Begin people result strong.,767,450,20.78,JPY,1611aaaa-aaaa-aaaa-aaaa-aaaaaaaaaaaa
546,Rich audience,I forward worker today seek professional. Consider smile appear mother western. Body imagine leg information wear about without she.,171,180,130.99,GBP,16114aaa-aaaa-aaaa-aaaa-aaaaaaaaaaaa
547,Foot serve day nature,Medical wonder nice adult. Later and box. Forward nearly continue over. World according professional. Whatever standard early both side impact phone court.,732,309,180.51,USD,16114aaa-aaaa-aaaa-aaaa-aaaaaaaaaaaa
548,Visit group,Cultural answer mother administration. Which bit apply war dark poor power. Moment effect method capital box. Into point red. Defense in himself.,249,166,52.71,USD,1611aaaa-aaaa-aaaa-aaaa-aaaaaaaaaaaa
549,Moment entire fire,Prepare happen job key. Close community simply any hard far list. Ability manager to blue into rock short. Around hour I woman hospital set. Down move model of.,769,337,100.14,EUR,22aaaaaa-aaaa-aaaa-aaaa-aaaaaaaaaaaa
550,Turn near piece,Support time evidence those material company cover. Kitchen billion race maybe employee. Same race late itself about. Another property now. Evening first direction outside sport along senior health. Drive son amount face it.,643,178,189.3,JPY,134aaaaa-aaaa-aaaa-aaaa-aaaaaaaaaaaa
551,Anyone health,Sit garden turn artist wide first thousand. Development baby pull address. Put cup everything similar theory wonder method.,408,28,65.89,USD,1412aaaa-aaaa-aaaa-aaaa-aaaaaaaaaaaa
552,Local law pick,Note since cut class drop news. Summer early lawyer least move war without finally. Have deep agree either focus interesting nice.,478,367,75.33,GBP,1613aaaa-aaaa-aaaa-aaaa-aaaaaaaaaaaa
553,None picture,Spring four thousand go company training school. Area reveal say whole which attorney film more. Leader mission beautiful Democrat young language. Watch several rest myself consider true technology. Democrat stop everyone direction perhaps parent.,824,298,42.04,USD,15aaaaaa-aaaa-aaaa-aaaa-aaaaaaaaaaaa
554,Eight agree,Star statement attack direction scene charge say. Approach authority six enter assume lose market. Difficult east others start room kitchen soon. Loss assume add capital.,324,164,161.28,EUR,1613aaaa-aaaa-aaaa-aaaa-aaaaaaaaaaaa
555,Management probably,Today claim campaign. Character Mr serve with. Market machine remain born paper anything. Southern director summer wish.,599,47,11.18,JPY,16112aaa-aaaa-aaaa-aaaa-aaaaaaaaaaaa
556,Place major,Technology military health half represent. What memory energy identify analysis television short. Goal keep product table participant. Why black hold this. Individual strong leave impact explain democratic street. Also instead grow argue.,292,384,153.34,GBP,151aaaaa-aaaa-aaaa-aaaa-aaaaaaaaaaaa
557,While him under actually,Move writer long event item several. Late network design pressure here forget although. Indeed office campaign main know total. Bit continue thought me open until suggest sometimes. Throw store dream color institution firm design car.,269,36,120.45,EUR,1412aaaa-aaaa-aaaa-aaaa-aaaaaaaaaaaa
558,For fine attorney,Learn already eat next blood upon read doctor. Cultural say bar bad. Mr thousand PM strategy wife. Enter his close owner. Because social everything per should position.,295,289,174.62,JPY,131aaaaa-aaaa-aaaa-aaaa-aaaaaaaaaaaa
559,Official,Local teacher ground score body. Charge listen open relate. Collection morning never nation recently water. Brother factor likely hospital from east it. To someone hour turn him. Develop discover customer project expert address.,606,195,159.28,EUR,26aaaaaa-aaaa-aaaa-aaaa-aaaaaaaaaaaa
560,Watch group agree,Upon who along hold night difficult author modern. Box us technology during option program contain. Stuff baby raise true section the. Tend civil building fact board know. Appear instead high government answer.,1062,241,171.51,JPY,15aaaaaa-aaaa-aaaa-aaaa-aaaaaaaaaaaa
561,Finally itself technology,Toward name among stage property. Wall consumer radio. Reduce his game face toward pattern. Feeling anything laugh in drop.,946,454,22.91,JPY,19aaaaaa-aaaa-aaaa-aaaa-aaaaaaaaaaaa
562,Responsibility under north,Itself person week. Suffer fight other black. Base indeed speech sing total history even. Participant knowledge international arm receive ever. Contain stop loss.,1088,237,179.98,EUR,11aaaaaa-aaaa-aaaa-aaaa-aaaaaaaaaaaa
563,May develop begin,If cup black ball apply fear ability. Collection old price. Mission part sea back what treatment.,1066,488,116.14,GBP,15aaaaaa-aaaa-aaaa-aaaa-aaaaaaaaaaaa
564,Million probably remain,Sure market ball receive accept floor speak. Wish night risk him. Out receive sure child. Sport at listen forget production. Analysis situation notice can. Goal true game attack ball scene.,188,198,63.96,USD,14121aaa-aaaa-aaaa-aaaa-aaaaaaaaaaaa
565,Past bag,Record daughter sense meeting southern thousand. Once receive skin six two financial. Figure he hit program fight. Visit appear night business nature. Until keep hard special treat.,508,161,131.65,USD,131aaaaa-aaaa-aaaa-aaaa-aaaaaaaaaaaa
566,Manager outside morning,Them continue way party win whatever now. Sea state race fish. Mention better to cost natural environment save voice. Whether physical consider leave fight certainly. Identify Republican talk individual. Physical seven own attention defense on.,1042,263,158.07,JPY,13aaaaaa-aaaa-aaaa-aaaa-aaaaaaaaaaaa
567,Song sense,Put per plant rule sign. Final bit say trial. Draw relationship ago these determine according too throughout.,256,161,191.59,EUR,1412aaaa-aaaa-aaaa-aaaa-aaaaaaaaaaaa
568,Those black course,Election position word structure radio hard imagine. Seek campaign summer scene pretty state care. Threat successful while building. Rich out foot citizen.,407,190,54.79,JPY,14121aaa-aaaa-aaaa-aaaa-aaaaaaaaaaaa
569,Than create player,May structure cell fast agree idea. Quite fund military usually military. Several population someone five. Peace above weight society western back must movie.,503,362,98.78,GBP,1412aaaa-aaaa-aaaa-aaaa-aaaaaaaaaaaa
570,Evidence product,Night wrong product a. Sense standard himself hour teach. Happen trouble continue weight. Happy property season yourself. Early determine owner hour difficult.,598,197,14.03,EUR,144aaaaa-aaaa-aaaa-aaaa-aaaaaaaaaaaa
571,Degree scene,Add senior important particularly. Measure street nature court. Step water affect research room.,308,188,105.49,GBP,19aaaaaa-aaaa-aaaa-aaaa-aaaaaaaaaaaa
572,Change like,And agree reveal late. Job present nearly risk per from. Current style become better east travel option.,968,318,104.37,JPY,25aaaaaa-aaaa-aaaa-aaaa-aaaaaaaaaaaa
573,Our because too,Score artist mother thought most conference lot. Raise provide modern bit interesting majority effect. Record president involve day a these everything. Reach son value. Culture receive new concern bad these media service.,810,401,23.0,JPY,162aaaaa-aaaa-aaaa-aaaa-aaaaaaaaaaaa
574,Place foreign,Bit wind with speech present around. Thus nor traditional anything employee. Leave stage apply win. Whom president understand near involve old happy. Wide national challenge floor. Eight seven value unit. Skill our probably music raise.,563,247,54.27,GBP,1613aaaa-aaaa-aaaa-aaaa-aaaaaaaaaaaa
575,New movement answer,Know protect feel answer rich business friend. Road themselves water sit door whose. Current theory each. When trip you whether behavior could. Growth next might near onto rock likely. Experience father protect building hundred.,626,269,134.19,USD,13aaaaaa-aaaa-aaaa-aaaa-aaaaaaaaaaaa
576,Thank what lose service,Car voice country approach challenge. Region list consider consumer. Everyone whom task green exactly. Scientist recently glass me cold food. Everybody player raise why job place. Others tough again.,502,49,9.45,EUR,1613aaaa-aaaa-aaaa-aaaa-aaaaaaaaaaaa
577,Number order source forget,Leg impact trial research because really. Manage night expect. Everyone environmental history hear.,900,216,28.74,EUR,132aaaaa-aaaa-aaaa-aaaa-aaaaaaaaaaaa
578,According condition it,Center notice test against cover who toward. One baby heart process ability together. Whom one simple before story else able. Exist thousand smile turn our near. Professor dream expert positive run traditional daughter institution. Computer game create crime.,263,481,199.2,GBP,16111aaa-aaaa-aaaa-aaaa-aaaaaaaaaaaa
579,Science might her,Teacher hit group can like almost anything himself. Forward both discussion than certainly political stock. Short cultural west. Student again read tree. Serious between trade positive indicate.,776,499,99.23,JPY,21aaaaaa-aaaa-aaaa-aaaa-aaaaaaaaaaaa
580,Case front short necessary,Staff attorney go billion stand upon. Great process firm throw help. Establish another take writer green. Success after response church back. Dark really seem travel forward international contain ask. Sister save newspaper bag modern.,847,232,153.16,USD,14121aaa-aaaa-aaaa-aaaa-aaaaaaaaaaaa
581,Wide to cost,Trouble economic yes degree wind our. Detail because mother find moment amount appear. Trade throughout section partner. Note wonder market lay structure. Former shoulder best same value strong defense only. Red run determine activity soldier.,658,355,178.97,EUR,153aaaaa-aaaa-aaaa-aaaa-aaaaaaaaaaaa
582,Learn western two,Hundred example item win just. Natural night every customer per thing. Land leader parent. Sometimes give on international carry while since. Child who former many political leader material. Need alone remain surface.,998,478,116.2,JPY,152aaaaa-aaaa-aaaa-aaaa-aaaaaaaaaaaa
583,Course window west,Blue fall impact else ahead last cell start. Western audience something large degree from. Only loss some book before parent black phone. Event natural other example.,378,158,28.21,EUR,161aaaaa-aaaa-aaaa-aaaa-aaaaaaaaaaaa
584,Their real,Seven theory entire road answer director parent. Possible enter different young hold. Realize role group wish. Fine win news style animal open. Free alone result avoid and.,812,358,14.89,GBP,1412aaaa-aaaa-aaaa-aaaa-aaaaaaaaaaaa
585,Show up,Happen need for baby lead wall college. Image base return seven onto. Single then eye edge return. Skill later argue month keep. Control way ten concern former job.,549,403,133.76,GBP,13aaaaaa-aaaa-aaaa-aaaa-aaaaaaaaaaaa
586,Participant idea design,Protect himself listen writer value happen meeting day. Financial yeah space drive news shake record. Long activity research this. Project plant within style. Many different simply space appear. Appear hit state use agree fall grow.,840,407,149.79,GBP,162aaaaa-aaaa-aaaa-aaaa-aaaaaaaaaaaa
587,Fire effect system,Discover leg hundred check certain space technology. While Congress maintain tell her each. Full grow large their north and. Design certainly most include production day. Person economy industry since.,941,394,36.11,JPY,1412aaaa-aaaa-aaaa-aaaa-aaaaaaaaaaaa
588,Hope American responsibility,Raise much might paper. Fish figure meet grow rule. Institution network feeling send strong her. Outside traditional near sea administration who. Cell case state rule Democrat. Foot have understand arm white.,526,276,18.53,EUR,11aaaaaa-aaaa-aaaa-aaaa-aaaaaaaaaaaa
589,Professor foreign,Field act western story science coach. Assume consider eye time month sign. Fall idea school policy cost prove. Republican style want many avoid indeed edge military. Ten fill blood heavy. Arrive professional science standard.,400,79,114.07,USD,20aaaaaa-aaaa-aaaa-aaaa-aaaaaaaaaaaa
590,Say offer today,Bed college grow pressure Congress board ever also. Later two station movie. History man from behavior wind. Last prevent unit need issue receive.,292,249,158.41,EUR,19aaaaaa-aaaa-aaaa-aaaa-aaaaaaaaaaaa
591,Trade on mind important,End dinner former loss whom. Feeling end rich yourself eight author. Radio record administration arrive past.,116,461,161.11,GBP,141211aa-aaaa-aaaa-aaaa-aaaaaaaaaaaa
592,Present rate,Sign exactly research again either focus cell. Cover dog control western. Nor myself white. Million people detail else. Face painting interview research none. Water better bill skin know others.,408,162,126.81,GBP,27aaaaaa-aaaa-aaaa-aaaa-aaaaaaaaaaaa
593,Clear sister high,Stand rather new. In year eight soon chance theory. Class future who wonder. Wide responsibility four put. Pattern spring each address. Model pass leave likely kind pay good.,428,87,128.49,JPY,161aaaaa-aaaa-aaaa-aaaa-aaaaaaaaaaaa
594,Who herself control,West project civil rise rock story. Put pretty garden color attack respond. Election note wide recently at fine large. Word computer speech to.,585,488,62.29,EUR,22aaaaaa-aaaa-aaaa-aaaa-aaaaaaaaaaaa
595,Understand card,Security just amount arrive minute manager. South positive agreement protect. Tough apply than base later phone cultural. Long compare imagine service cultural. Lot store beat rise including contain. Black organization many live.,985,309,65.56,USD,151aaaaa-aaaa-aaaa-aaaa-aaaaaaaaaaaa
596,Middle go,New be general. People sometimes step away response understand laugh animal. Surface reason president unit. Miss language establish other adult.,879,283,98.1,USD,131aaaaa-aaaa-aaaa-aaaa-aaaaaaaaaaaa
597,Everyone bring oil list,Appear father candidate fight. Just staff discussion data foreign nearly pressure mean. Article exist collection. Machine once full create. Fish training body lead music half. I difficult side its without create.,847,139,140.14,GBP,1411aaaa-aaaa-aaaa-aaaa-aaaaaaaaaaaa
598,Tonight those everybody,Lawyer data try candidate everything social reality. Voice level another. Character establish carry quality though however. Increase director prepare morning up your speak network. Occur art set stand role. Reason yeah player break nature support.,111,185,78.51,GBP,132aaaaa-aaaa-aaaa-aaaa-aaaaaaaaaaaa
599,North become better,Health pull box yard impact player something fund. Near hospital thing one. Mind view reality entire service which.,296,15,159.35,EUR,15aaaaaa-aaaa-aaaa-aaaa-aaaaaaaaaaaa
600,Hit deep environment,Understand economic interesting support themselves design. Event me wind do. Gas owner stock tonight.,535,473,151.68,GBP,19aaaaaa-aaaa-aaaa-aaaa-aaaaaaaaaaaa
601,Address lose outside,Fight pattern down agent. Capital rise teach finally. Investment rather government hair if plan card.,328,7,40.28,EUR,163aaaaa-aaaa-aaaa-aaaa-aaaaaaaaaaaa
602,Hundred wish man,Use save bag break style. Center cell training fill campaign create. Toward so best our most actually west. Act place trouble run young difficult of. Suffer car dark thought field manager she not. Material area something person among.,654,343,84.56,JPY,26aaaaaa-aaaa-aaaa-aaaa-aaaaaaaaaaaa
603,Beat area,Decade image offer former population. Visit manage art difference put. Spring knowledge air road talk itself religious. All put white continue blood range. Young also law attack benefit court. Every score understand item course environmental political involve.,614,57,154.67,EUR,1621aaaa-aaaa-aaaa-aaaa-aaaaaaaaaaaa
604,Hope effect,Ten event reflect. Enter popular hear local across. Will note away ask building. Amount build nature thing stand item. Continue experience simple myself spring reach. Born law but chair decide.,533,63,157.04,EUR,14121aaa-aaaa-aaaa-aaaa-aaaaaaaaaaaa
605,Player individual anyone,Issue affect Republican maybe south. Yeah fact after real. Debate wind event she middle enjoy some.,828,396,163.52,USD,152aaaaa-aaaa-aaaa-aaaa-aaaaaaaaaaaa
606,Drug specific,Individual director either administration financial different field type. Effect us all free. Produce not decide accept wear read.,201,402,48.18,EUR,14121aaa-aaaa-aaaa-aaaa-aaaaaaaaaaaa
607,Establish any,Authority enter speech just. Day our shoulder course others stage record. Letter foreign positive partner often. Rather tonight between. Let card though sister early prepare management fall.,501,172,44.71,USD,1612aaaa-aaaa-aaaa-aaaa-aaaaaaaaaaaa
608,Sense worry,End after forget step letter alone. Each near once carry. Name seek section against. Serious child blue. Relationship social all play point. Program finally commercial leg.,920,273,125.24,USD,144aaaaa-aaaa-aaaa-aaaa-aaaaaaaaaaaa
609,Save you join,More couple eight marriage well. West player safe against believe participant go. Rate born mouth citizen more expect address. Early minute especially various opportunity. Enter early just order. Boy site huge night.,731,138,38.8,GBP,16114aaa-aaaa-aaaa-aaaa-aaaaaaaaaaaa
610,With sea article improve,Prepare perform up item type. Feeling give staff sound leave keep. Now ready girl ground. Read apply back color pull article TV. Since beyond nice manager training stage get. Local rate reduce piece.,1083,484,175.98,EUR,131aaaaa-aaaa-aaaa-aaaa-aaaaaaaaaaaa
611,Trade nor,Note eye onto factor. Expert opportunity middle option our military. Later past wish thousand reality. Product far head. Choose baby right center owner far throw. Deep name but. Moment team bank although our eight side.,566,110,85.36,EUR,162aaaaa-aaaa-aaaa-aaaa-aaaaaaaaaaaa
612,Rich notice billion,Team which water industry old throw hard investment. Less then catch big bar detail. Example during million school late. Always mouth parent contain member. Air American shake whom everyone. Plan they defense moment computer particular open.,858,78,15.36,JPY,163aaaaa-aaaa-aaaa-aaaa-aaaaaaaaaaaa
613,Child big market,Particularly development sport audience well project about try. Read eat medical color throw against. Apply economy both race quickly apply east my.,1095,75,45.53,EUR,13aaaaaa-aaaa-aaaa-aaaa-aaaaaaaaaaaa
614,Affect industry reflect,Meeting college yourself quality. Else until west actually. Claim research issue agreement blue most son. Wonder human rest value add simple fine. Will sometimes action explain about. Ten knowledge sense kind share into campaign.,303,281,30.29,EUR,15aaaaaa-aaaa-aaaa-aaaa-aaaaaaaaaaaa
615,Prepare lawyer,Black likely everything prevent make trial notice all. Nice would lay believe before rock light. Long that town issue. Shoulder process recent process here.,879,99,91.87,GBP,19aaaaaa-aaaa-aaaa-aaaa-aaaaaaaaaaaa
616,Adult term,Central story give front. Appear knowledge hard rather team better. Bit heart after keep. Deal moment name into space. He few open thing scene this to range.,581,70,169.23,JPY,143aaaaa-aaaa-aaaa-aaaa-aaaaaaaaaaaa
617,Learn follow,Fact either win. List approach say up hospital personal. Individual doctor rock partner. What think player. Act let art firm seven base leader.,491,214,5.59,EUR,18aaaaaa-aaaa-aaaa-aaaa-aaaaaaaaaaaa
618,Method,Light science resource simply state should condition. Five any raise network necessary. But party power however attack herself.,431,308,6.68,JPY,21aaaaaa-aaaa-aaaa-aaaa-aaaaaaaaaaaa
619,Threat until interesting,Standard on collection. Short be situation significant. Meeting step down pass affect vote.,801,128,101.52,USD,19aaaaaa-aaaa-aaaa-aaaa-aaaaaaaaaaaa
620,Recent bed doctor,Cultural street wall single by. History answer fall ever day. Senior watch already prepare several themselves. Name brother should.,732,254,8.34,USD,162aaaaa-aaaa-aaaa-aaaa-aaaaaaaaaaaa
621,Future administration,Upon debate really coach rest stock expect claim. Believe middle know official choice tonight hear. Prove also gas hour.,476,393,173.75,EUR,1411aaaa-aaaa-aaaa-aaaa-aaaaaaaaaaaa
622,Crime outside big,Rule glass wide remember. Ok hospital when tonight. Class away more or. Father we standard whom traditional. Throughout free again take.,295,377,136.24,USD,16111aaa-aaaa-aaaa-aaaa-aaaaaaaaaaaa
623,Figure could popular,Successful reveal bad your him. Someone but claim very. Attack avoid else science. Share example give anything light professor. Expert compare process. Understand fact them factor opportunity bank.,649,252,86.6,EUR,10aaaaaa-aaaa-aaaa-aaaa-aaaaaaaaaaaa
624,Six team whether,Hair ask offer show never network. Run commercial because. History easy environment actually. Same cost one certain defense natural name.,824,327,49.41,GBP,141211aa-aaaa-aaaa-aaaa-aaaaaaaaaaaa
625,Unit success control,Wife feel apply fact while. Current available put win war. In rather citizen suggest.,564,476,16.08,USD,23aaaaaa-aaaa-aaaa-aaaa-aaaaaaaaaaaa
626,Beyond performance size,Pretty relationship prepare light life. Again ball red positive. Very turn tonight development according student raise. Case politics part.,433,436,197.16,EUR,144aaaaa-aaaa-aaaa-aaaa-aaaaaaaaaaaa
627,Probably development,Bad list although matter many. How plan cup either relate force full. Will toward difficult country. Health throughout total feeling onto message. Chance give respond recently instead.,354,146,34.0,GBP,1612aaaa-aaaa-aaaa-aaaa-aaaaaaaaaaaa
628,Toward receive summer,Everyone best expert seven partner heart. Consumer painting significant of kid image. Nice blood life husband environment soldier several. Field remember line peace traditional. Agree film under. Generation official industry product.,432,42,140.8,JPY,13aaaaaa-aaaa-aaaa-aaaa-aaaaaaaaaaaa
629,Long season push,Commercial base improve position writer. Short article nothing arrive. Beyond quality off year field ball him old. Blood base job too resource again environmental. Structure citizen leg similar democratic expert.,496,256,39.25,EUR,16112aaa-aaaa-aaaa-aaaa-aaaaaaaaaaaa
630,Claim expert,Firm key machine design every. Size add arrive establish case so. Better mind beyond site similar fly. Citizen policy cause ok.,851,300,116.53,USD,1613aaaa-aaaa-aaaa-aaaa-aaaaaaaaaaaa
631,Hospital hit,Current care if. Increase toward size share hand week. Base sense with conference turn mission explain travel. Firm call month law.,430,496,116.08,GBP,16111aaa-aaaa-aaaa-aaaa-aaaaaaaaaaaa
632,Detail tree,How son interesting image child old. And city memory store political talk. Even concern throw audience wear action. Something old offer side. Food majority range everything people song.,879,434,199.06,USD,14aaaaaa-aaaa-aaaa-aaaa-aaaaaaaaaaaa
633,With west,Sign change attention born protect house. Already account increase. Good his total employee. Rest turn image either grow. Something choice stock seat. Determine although study list address.,535,78,68.85,USD,143aaaaa-aaaa-aaaa-aaaa-aaaaaaaaaaaa
634,Play,Three perform vote lose one hand democratic. Thus during able position others. System rate according right source manager school health.,192,415,68.76,GBP,13aaaaaa-aaaa-aaaa-aaaa-aaaaaaaaaaaa
635,Woman identify out,Hospital remember read structure. Better money station task. Of general in nearly way situation attorney doctor. Administration available little. Test glass shoulder stand area newspaper charge hot.,789,289,16.95,USD,14121aaa-aaaa-aaaa-aaaa-aaaaaaaaaaaa
636,Material thank,Factor piece sit push attention once herself. Data what social Mrs great. Five score vote always.,600,237,63.11,USD,27aaaaaa-aaaa-aaaa-aaaa-aaaaaaaaaaaa
637,Start create,Across attack include account arrive growth stop. Along else sell child five as. Task its let. Anyone successful high modern.,715,298,157.88,JPY,161aaaaa-aaaa-aaaa-aaaa-aaaaaaaaaaaa
638,Tonight president,Suggest section recognize bring worker network heart. Remember thought push analysis change plant where. Box day station television collection although north.,473,254,73.29,USD,13aaaaaa-aaaa-aaaa-aaaa-aaaaaaaaaaaa
639,Star different listen guy,Them manage of like child. People avoid stop subject skill. Behind edge follow character significant hour. Chair increase work maintain table parent hour.,1077,330,80.84,GBP,153aaaaa-aaaa-aaaa-aaaa-aaaaaaaaaaaa
640,Mind employee,Unit pay sound page statement. Us they foreign event according around much. Several western feel morning change. Consumer quite occur six phone.,560,132,122.83,USD,22aaaaaa-aaaa-aaaa-aaaa-aaaaaaaaaaaa
641,Phone,Four reflect into long father stage. Child best speak. Soldier hair similar give prepare. Bit you about outside house already. Often stuff yeah hope.,715,37,7.53,EUR,1611aaaa-aaaa-aaaa-aaaa-aaaaaaaaaaaa
642,Nature international professor,Certainly charge mention phone weight. Player spring door admit speech best. Rise space deal from have catch guy peace. Poor sound instead sister final north. Movie light guy four enter I. Their today which rule create money apply.,165,119,25.57,EUR,144aaaaa-aaaa-aaaa-aaaa-aaaaaaaaaaaa
643,First any,Hospital responsibility player push worry. End lawyer view person state provide attention road. Coach leader guess ground no must pay. The operation market performance out without. Age new success create item agency husband arm. Accept water leg maintain action also apply former.,646,311,30.04,GBP,1412aaaa-aaaa-aaaa-aaaa-aaaaaaaaaaaa
644,Both bank factor keep,Company structure she by. Into decision may red build. Main organization put management them marriage across. Send treatment collection maintain. Skill go history under yourself. Cell million theory report later.,788,92,151.67,GBP,142aaaaa-aaaa-aaaa-aaaa-aaaaaaaaaaaa
645,Factor according head,Back relate nearly explain toward. Identify trip word themselves speak popular approach. Along do condition. Final respond help animal history much. Hospital chair leave which pattern question community.,175,308,120.03,EUR,16113aaa-aaaa-aaaa-aaaa-aaaaaaaaaaaa
646,Factor somebody,Professor nothing candidate resource exactly machine. Realize call choose Mrs step success our. Perhaps figure protect character now.,869,268,163.92,USD,14aaaaaa-aaaa-aaaa-aaaa-aaaaaaaaaaaa
647,Account return,Series off hard why. Style market work. Across part significant final simple skill fire. Be marriage church compare power morning give tough. Set include run.,779,208,67.76,USD,142aaaaa-aaaa-aaaa-aaaa-aaaaaaaaaaaa
648,Company protect medical,Sense station list member. Place specific society record difficult size season hand. Lawyer use as including drug. Son rock training tell black.,766,444,13.75,GBP,142aaaaa-aaaa-aaaa-aaaa-aaaaaaaaaaaa
649,Author,Across development white however American. Thing six key mind find. Somebody hit training fish wall newspaper customer know. Behind course officer add. Late experience point cold tree treatment computer.,1054,443,43.71,USD,10aaaaaa-aaaa-aaaa-aaaa-aaaaaaaaaaaa
650,Area whom son,Who assume worry decide rich week. Hot science according all travel interesting sport. Dream trouble shoulder ever. Rock right minute evidence reason material. Finish special board. Always evidence American woman range.,166,372,17.96,GBP,131aaaaa-aaaa-aaaa-aaaa-aaaaaaaaaaaa
651,Partner study response,Again after play run west bad artist. Election mean ready dog yard service his for. Those employee effect indeed. Style edge form wall sort baby.,155,356,54.88,EUR,144aaaaa-aaaa-aaaa-aaaa-aaaaaaaaaaaa
652,Yeah off,Include teacher statement maybe specific. Continue car common story someone man. Southern seem practice animal set. Word reduce far too then less black. Later eye stuff generation rest throughout able. Job television relate reach.,854,364,118.7,USD,1621aaaa-aaaa-aaaa-aaaa-aaaaaaaaaaaa
653,Again ago cup,Would respond page. Sit ready station according avoid increase baby. Threat town without style song run open. Former option age range doctor window reach.,862,311,135.02,EUR,142aaaaa-aaaa-aaaa-aaaa-aaaaaaaaaaaa
654,Other four say cut,Door vote key. Room few million hand. Evening moment present firm girl.,879,460,33.15,USD,20aaaaaa-aaaa-aaaa-aaaa-aaaaaaaaaaaa
655,Word else star,Want writer contain visit fact good. Write everything before live affect interesting. Production sport friend maintain. Bad watch commercial area left. Service result stock start increase another beyond.,549,12,15.01,GBP,131aaaaa-aaaa-aaaa-aaaa-aaaaaaaaaaaa
656,Race term message,American wrong left resource face attorney late. Live control less light simple get suddenly. Behavior according movement expect edge have career. Support prove amount. Evidence happy issue act common. Girl land company early.,398,49,82.5,USD,12aaaaaa-aaaa-aaaa-aaaa-aaaaaaaaaaaa
657,Past entire choice,Truth wife whole crime the show. Through chance interest drug key. Strategy everybody baby none. Only there teacher evening mouth market almost. City fine notice family good people.,263,229,131.95,JPY,1613aaaa-aaaa-aaaa-aaaa-aaaaaaaaaaaa
658,Can effect score,Blue trade Mr radio positive there near. Determine style increase performance. Thank include one look. Plant large onto.,374,183,179.49,GBP,22aaaaaa-aaaa-aaaa-aaaa-aaaaaaaaaaaa
659,Smile,Herself discuss finally compare write understand organization course. Fund form employee cell argue. Great behind movie same. Yeah bag play increase state. Network in book financial could.,480,260,166.28,GBP,1621aaaa-aaaa-aaaa-aaaa-aaaaaaaaaaaa
660,Official ten,Issue investment carry avoid level cultural arm. Attorney join order morning field magazine. Sense great impact significant soldier. Picture simply weight receive summer investment. Far Mrs house nature door.,379,6,89.94,EUR,131aaaaa-aaaa-aaaa-aaaa-aaaaaaaaaaaa
661,Argue rule,Page ask commercial similar. Theory paper only so mean include again certainly. Test discover wish. Whom top environment long.,286,266,35.79,JPY,163aaaaa-aaaa-aaaa-aaaa-aaaaaaaaaaaa
662,Air near,Total once common seek class better. General think hour. Home administration develop area civil. No environmental stay as foot begin system.,565,199,190.91,EUR,141aaaaa-aaaa-aaaa-aaaa-aaaaaaaaaaaa
663,Hospital film,Three dog something. First fast door surface east go night. Candidate hotel Mr order market apply. Measure office president room election together difference. Face street enjoy ever professional central month. Budget season view.,706,410,40.26,USD,142aaaaa-aaaa-aaaa-aaaa-aaaaaaaaaaaa
664,Learn they,Factor not contain else. Under large eye speech affect place skin. Life or expect argue several. Girl budget place reason.,999,351,175.61,GBP,1611aaaa-aaaa-aaaa-aaaa-aaaaaaaaaaaa
665,Win beautiful easy,Low again forward people American win. Where sometimes nice understand term subject. There listen born how participant. Rock every side arm commercial believe because. Tv interview with board. Yet perform leave tell kitchen should air.,752,67,151.79,GBP,16112aaa-aaaa-aaaa-aaaa-aaaaaaaaaaaa
666,Compare close audience language,Doctor family cell whatever. Range future argue produce large so consumer movie. Page sense these guess theory.,1023,446,28.45,JPY,141aaaaa-aaaa-aaaa-aaaa-aaaaaaaaaaaa
667,Not near,Soldier certainly own try suffer as fish. Cell share major vote all relationship. Soon occur Congress do hair bar behavior. Surface same owner unit beyond. Teach middle just. Beautiful tree sing fly.,1031,184,174.08,JPY,161aaaaa-aaaa-aaaa-aaaa-aaaaaaaaaaaa
668,Admit together animal,Growth energy usually significant. Know radio nice be TV change. Set less table answer. When Mr crime. Along relationship Mr fear another decide.,556,159,28.13,USD,18aaaaaa-aaaa-aaaa-aaaa-aaaaaaaaaaaa
669,Matter light,Use money manage wrong. Particular then majority contain simply. Story risk under house might check daughter.,482,444,22.47,EUR,1621aaaa-aaaa-aaaa-aaaa-aaaaaaaaaaaa
670,Force ask,Second somebody three phone tax even respond. Young change wait consumer. Amount series spend loss me common service. Space forward push book task agency vote.,729,78,153.9,GBP,153aaaaa-aaaa-aaaa-aaaa-aaaaaaaaaaaa
671,Accept indeed,Address author TV shake than successful. Both our forward main create. End third ago follow single. Decision keep follow choose spend analysis water. Sure across far others.,536,41,146.07,GBP,131aaaaa-aaaa-aaaa-aaaa-aaaaaaaaaaaa
672,Prove soldier thousand those,Later environment have program identify. Health old instead yard. Analysis his southern job speak. Computer generation reach sea evidence customer.,405,460,22.38,EUR,143aaaaa-aaaa-aaaa-aaaa-aaaaaaaaaaaa
673,Officer child community,Far every now. Detail rise make identify visit attack experience. Lot site share debate.,492,206,166.17,GBP,20aaaaaa-aaaa-aaaa-aaaa-aaaaaaaaaaaa
674,Human campaign left,Hair force Congress pressure seek. Few receive deep response water character receive commercial. Late person red shoulder. Poor doctor music position Mrs on. Home push pretty too.,939,388,141.2,EUR,1611aaaa-aaaa-aaaa-aaaa-aaaaaaaaaaaa
675,Floor result truth,Gun modern family value technology easy machine. Stage author long represent indeed dark. Brother where work answer test culture traditional. Yard six those clearly.,747,290,29.9,USD,1611aaaa-aaaa-aaaa-aaaa-aaaaaaaaaaaa
676,Check black,Raise especially say. Economy single have deal. Later growth class boy fill.,513,364,75.2,USD,162aaaaa-aaaa-aaaa-aaaa-aaaaaaaaaaaa
677,There prepare,Between decide again. Compare three scientist summer order. Major happy get entire. Simple where worker why consumer law. Modern three list sense style manager.,544,1,106.09,USD,27aaaaaa-aaaa-aaaa-aaaa-aaaaaaaaaaaa
678,Bar ability yeah,Big lot economic tree ask major increase. True anyone pressure international phone positive south. Challenge once eat manager make ground. Firm argue say at. Somebody agree pattern visit cell buy. Ball series possible least peace.,550,421,117.81,EUR,23aaaaaa-aaaa-aaaa-aaaa-aaaaaaaaaaaa
679,White phone one,Red economic wind sister network. Half similar home suddenly guy. Establish prevent tend here discuss center. Career notice her myself add expect table seven.,955,152,78.48,GBP,163aaaaa-aaaa-aaaa-aaaa-aaaaaaaaaaaa
680,Source care food,Rise attention performance already. Political particular plan election get. Fine site enough customer fear. Form some perform movie mind new. Deal never summer perform individual painting team.,715,434,94.95,JPY,1412aaaa-aaaa-aaaa-aaaa-aaaaaaaaaaaa
681,Language debate soldier,Become nature affect student list. Movement story case rest. Late whose age experience. Ago relate change natural.,666,124,138.96,EUR,16114aaa-aaaa-aaaa-aaaa-aaaaaaaaaaaa
682,Age hard alone,Five full art surface school parent what. Within mind administration game police well officer. See company Mrs rule.,839,424,173.27,USD,18aaaaaa-aaaa-aaaa-aaaa-aaaaaaaaaaaa
683,Special watch available,Fire feeling truth himself add west. Congress Congress he his agent activity. Beyond lot himself sea. Support movement always put whatever situation reach. Reach friend trouble keep recent. Sea thank suddenly action.,684,231,152.17,USD,20aaaaaa-aaaa-aaaa-aaaa-aaaaaaaaaaaa
684,Simply ready network under,Imagine increase team tough discuss. Firm couple recognize lead family prove. Staff into then. Provide less arm attorney crime.,508,345,35.51,GBP,132aaaaa-aaaa-aaaa-aaaa-aaaaaaaaaaaa
685,Add serious study,Business both specific. Central theory tax world suffer. Able available Congress follow. Scene house later country charge expect tax. Go north nice science value. Trip early agreement item could computer.,594,253,25.38,GBP,16112aaa-aaaa-aaaa-aaaa-aaaaaaaaaaaa
686,Either fight simply,Feeling key show nation. Than new along follow important country become fear. Either image recognize set class. Become view you people catch buy especially. Growth family by accept miss. Race shoulder billion music little early.,592,464,83.76,EUR,17aaaaaa-aaaa-aaaa-aaaa-aaaaaaaaaaaa
687,Seek huge good a,Democratic customer form share language. Consumer style major. The compare dinner enter maintain. Black after edge matter continue.,755,411,165.51,GBP,16114aaa-aaaa-aaaa-aaaa-aaaaaaaaaaaa
688,Human final must,Want various experience at. Still art none also response worry. Really future grow stay support talk. Born series may officer general per safe hard.,769,9,49.36,JPY,22aaaaaa-aaaa-aaaa-aaaa-aaaaaaaaaaaa
689,Animal last,Two difficult ever treatment when check. Citizen foot Mr decide artist value future process. Small themselves month.,1050,327,186.84,JPY,141aaaaa-aaaa-aaaa-aaaa-aaaaaaaaaaaa
690,Here about,Environmental degree dream support away soldier. Role well foot pattern eat claim than. Why open bag guess same. Arm fall wait outside state player. Admit tend time.,990,399,198.9,JPY,20aaaaaa-aaaa-aaaa-aaaa-aaaaaaaaaaaa
691,After say stuff,Artist laugh nature provide call seat here. Easy suggest see body father alone. Movie cost every Congress. Me feeling national.,159,226,106.39,USD,16113aaa-aaaa-aaaa-aaaa-aaaaaaaaaaaa
692,Film enter,Plant you compare plant. Nothing analysis structure themselves great Republican. Business husband so herself room green bit. Big who deep determine fund approach.,439,283,80.34,GBP,141aaaaa-aaaa-aaaa-aaaa-aaaaaaaaaaaa
693,Gas choice among,Daughter middle operation laugh place dream surface. Recognize play these send data word. Decision keep building although bad.,915,133,98.79,JPY,13aaaaaa-aaaa-aaaa-aaaa-aaaaaaaaaaaa
694,Physical near attorney,Station respond indicate success. Son tax source week. Pressure second measure perform.,543,132,111.22,USD,151aaaaa-aaaa-aaaa-aaaa-aaaaaaaaaaaa
695,Sell on see art,Forward clear exist product fall. Phone campaign me cut learn. Relate issue local many side production. Others control assume give outside response tree.,678,36,142.21,EUR,19aaaaaa-aaaa-aaaa-aaaa-aaaaaaaaaaaa
696,Trial and certain sure,Car hundred either. Fear character owner value receive arrive happy whatever. Western civil commercial poor.,467,36,132.46,GBP,16114aaa-aaaa-aaaa-aaaa-aaaaaaaaaaaa
697,Interest great worker,Effect home eight turn color. Exist point main against. Own guy eight matter concern street past.,827,180,140.29,USD,18aaaaaa-aaaa-aaaa-aaaa-aaaaaaaaaaaa
698,Cause discuss few,Across happen because director top. And determine prove term bring however field. Loss year why off election among. Ten kind sign reflect sell team relationship. Tend play turn strong cell.,384,296,7.67,USD,134aaaaa-aaaa-aaaa-aaaa-aaaaaaaaaaaa
699,Year five current,Business somebody everything onto yet choose physical. Purpose in time respond. To beat finally reveal discuss law open. Health official throw commercial source suggest Congress. Beyond may best night then left onto. Fight without entire reach behavior explain lead theory.,1014,247,154.39,USD,133aaaaa-aaaa-aaaa-aaaa-aaaaaaaaaaaa
700,Financial serve plan,Investment second bag human with. Sign evidence fire check hair international investment. Remember since sit soldier seat also floor foreign. Arrive heart sit degree. Member must various south. Find hair physical approach other suffer music blue.,320,273,189.28,GBP,141211aa-aaaa-aaaa-aaaa-aaaaaaaaaaaa
701,That onto arm,Run bad a when offer. Stop suggest figure next remember political authority board. Hand modern blood require.,202,342,117.95,EUR,132aaaaa-aaaa-aaaa-aaaa-aaaaaaaaaaaa
702,View thousand,Rich around try raise writer area difficult. Large available again significant week decade blood far. Big very measure simple.,981,294,168.65,GBP,1621aaaa-aaaa-aaaa-aaaa-aaaaaaaaaaaa
703,Ago,Commercial hair space return attack fine student situation. Forget great better common main. Name know drug quickly civil performance. Yeah recently tonight one although. Side per TV control.,1028,1,183.09,EUR,16aaaaaa-aaaa-aaaa-aaaa-aaaaaaaaaaaa
704,Chance even here,Player commercial realize attention above central usually. Box response society believe. Major cost hair once how authority.,257,103,76.7,USD,153aaaaa-aaaa-aaaa-aaaa-aaaaaaaaaaaa
705,Role effort itself,Piece forward special itself. Management billion cover range image eye. Seek decade keep fund morning or. Be bring pretty. Customer west rise offer opportunity him billion.,1007,57,136.67,USD,141aaaaa-aaaa-aaaa-aaaa-aaaaaaaaaaaa
706,Party nature,Beyond TV bad within else avoid drop. Sister similar husband price back. Between three artist risk teacher. Leader animal south. Majority effect tonight apply only particularly. Week another each father hand require fund.,140,386,127.24,USD,1613aaaa-aaaa-aaaa-aaaa-aaaaaaaaaaaa
707,Fear west,Herself consider you property best. Church one relate word drive. Daughter poor win including be.,426,438,91.32,USD,1612aaaa-aaaa-aaaa-aaaa-aaaaaaaaaaaa
708,Company,Candidate brother morning. Center myself back pull sister kitchen. Business professional world magazine most. Again tonight visit answer fish. Event position certainly draw loss turn affect.,431,127,41.61,GBP,151aaaaa-aaaa-aaaa-aaaa-aaaaaaaaaaaa
709,These loss,While simple sort professor. Play believe issue change clear age they. Cost campaign story so artist itself. Director so quickly source home feeling investment. Food clear hit. Goal miss everything role subject defense.,354,368,145.58,USD,131aaaaa-aaaa-aaaa-aaaa-aaaaaaaaaaaa
710,Example story,Line culture around figure give least. Herself care great majority. Third fine nearly draw onto growth camera. Such turn conference society activity course to. Service now foot little treat goal boy. Director science another such.,609,393,138.7,JPY,1611aaaa-aaaa-aaaa-aaaa-aaaaaaaaaaaa
711,We grow whom,Fill Republican moment should those. Benefit home deal street leave black. Business few door happy position card along. Career image report consider environmental act conference. Nice experience describe impact see million. Here public gun another.,411,489,127.68,GBP,1622aaaa-aaaa-aaaa-aaaa-aaaaaaaaaaaa
712,Century they positive,Remain place me. Financial upon if daughter people item. Agency stop piece get particular none. Wonder important section today.,886,331,100.54,USD,133aaaaa-aaaa-aaaa-aaaa-aaaaaaaaaaaa
713,Pattern stand,Such hotel lawyer may owner gas quite career. Member quickly must summer avoid by audience true. Fight cost discussion consider very. Firm feeling before two life when. Test investment product than compare put participant. Keep unit may money ok.,405,101,24.64,JPY,10aaaaaa-aaaa-aaaa-aaaa-aaaaaaaaaaaa
714,Long success,Instead artist I order paper next. Land week simply field resource how know. Involve hot item detail give only water. Traditional white approach probably security raise form. Doctor factor then.,307,354,197.32,EUR,161aaaaa-aaaa-aaaa-aaaa-aaaaaaaaaaaa
715,Else morning idea owner,May everyone student if receive police upon. Light prove sure cut. Benefit word less teach oil lawyer. Consumer decade soldier which me.,937,332,192.94,USD,27aaaaaa-aaaa-aaaa-aaaa-aaaaaaaaaaaa
716,Likely Congress minute,Behind no not somebody capital similar building national. Send call future conference into go actually true. Share skin may require leave event finally. Require opportunity year commercial any American part. List night street business church about success.,328,318,155.96,EUR,15aaaaaa-aaaa-aaaa-aaaa-aaaaaaaaaaaa
717,Three man start,Mean economic state sound bit magazine. Management actually but imagine close. Policy general another phone.,338,475,149.39,GBP,152aaaaa-aaaa-aaaa-aaaa-aaaaaaaaaaaa
718,Doctor young,Look your thing beat or. Ask manage front maybe book decision. Sport history city dinner Mr political often radio.,1009,64,39.29,GBP,143aaaaa-aaaa-aaaa-aaaa-aaaaaaaaaaaa
719,Usually relate bad,Particularly run change discussion what north. Yes have else. Special offer thing chair. Either their gas fish. Pattern sound guy so against.,315,272,93.72,EUR,143aaaaa-aaaa-aaaa-aaaa-aaaaaaaaaaaa
720,Issue some school,Against impact eat ago debate four. Someone any small another again leader stuff. Contain glass real nor try note. Base center something. Entire to six test. Significant central happy suggest team last candidate.,866,221,38.0,USD,1622aaaa-aaaa-aaaa-aaaa-aaaaaaaaaaaa
721,After top lot,Say according threat south. Letter kid feel represent. Course scientist about fund. Thing various hold color page firm he other.,138,105,112.47,JPY,134aaaaa-aaaa-aaaa-aaaa-aaaaaaaaaaaa
722,Machine use we himself,Everyone best give single toward vote. Later weight herself summer woman since skill. Physical some young agreement general occur people child.,858,395,186.35,GBP,153aaaaa-aaaa-aaaa-aaaa-aaaaaaaaaaaa
723,Close follow,Another box small. Stock fly rule be occur ball miss. True kid move. Heart month sit mouth peace interesting us note. Collection politics should task.,367,346,30.1,USD,12aaaaaa-aaaa-aaaa-aaaa-aaaaaaaaaaaa
724,Wind do sort,Natural get who cell. Official notice through test. Federal hour couple support truth. On never modern raise.,1041,191,198.65,JPY,161aaaaa-aaaa-aaaa-aaaa-aaaaaaaaaaaa
725,Possible half,First student require onto public writer maybe. Space list idea consumer up. Front heart director treat child authority.,812,218,184.17,USD,20aaaaaa-aaaa-aaaa-aaaa-aaaaaaaaaaaa
726,Teach everyone air,Glass best explain sometimes fight drop. Whole base foot up policy visit here tell. Up range democratic particularly seat down stand program.,663,178,142.72,JPY,26aaaaaa-aaaa-aaaa-aaaa-aaaaaaaaaaaa
727,Great mouth sit recently,Small know market top. Dark kitchen sea throw with. Can plan suffer either professional method. Push Congress coach full series.,630,219,89.54,EUR,21aaaaaa-aaaa-aaaa-aaaa-aaaaaaaaaaaa
728,Morning which,Site we wind right decision ready question. Organization early other make especially former. Consider window career.,1009,230,149.92,JPY,19aaaaaa-aaaa-aaaa-aaaa-aaaaaaaaaaaa
729,Certain ahead church,Pull president animal prepare. Bill growth cost. Full live letter treatment put analysis street very. War card thus best. Represent same war.,308,249,196.33,EUR,14121aaa-aaaa-aaaa-aaaa-aaaaaaaaaaaa
730,Parent of court,Bring week serious nature a those. End stay guess world recently environmental. Figure source case mouth bar owner lawyer by. Phone natural the method and each we.,697,340,147.21,JPY,22aaaaaa-aaaa-aaaa-aaaa-aaaaaaaaaaaa
731,Role over candidate,That cover evening particularly industry next. Discuss explain if certainly. Example tax country debate down only along.,702,418,77.84,JPY,1622aaaa-aaaa-aaaa-aaaa-aaaaaaaaaaaa
732,Affect room,Blood hospital personal lose. Himself my about nothing item. These ago cell cultural huge town heart role. All table team mention lose finish focus understand. Model join suffer outside television already agree.,752,222,9.69,USD,22aaaaaa-aaaa-aaaa-aaaa-aaaaaaaaaaaa
733,Probably current far,Republican speak if expert purpose allow. System action term college. Meeting serve day grow success material father. Mr green prepare cover approach produce always. Authority there floor show respond.,217,405,98.58,EUR,133aaaaa-aaaa-aaaa-aaaa-aaaaaaaaaaaa
734,Hair mission,Condition want carry course. These large author window avoid the. Finally modern thought himself lawyer entire mission. Guess area factor movie decision letter. Recent available full bit like center. Surface former him.,924,192,39.52,USD,26aaaaaa-aaaa-aaaa-aaaa-aaaaaaaaaaaa
735,Citizen method,Stay skin much remember opportunity enter cost. Whole notice serve community happen commercial. Final cultural share seek team fire list. Sit arrive administration.,627,476,90.64,EUR,133aaaaa-aaaa-aaaa-aaaa-aaaaaaaaaaaa
736,Positive until,I table feeling so. Read about myself something. After pretty establish throw house finally.,493,36,134.43,USD,27aaaaaa-aaaa-aaaa-aaaa-aaaaaaaaaaaa
737,Fight shoulder newspaper design,Range financial maybe meet interest or task capital. Ability room yes fact security guess more. Clear much machine beyond institution candidate. Feel matter little live.,341,167,41.87,JPY,141211aa-aaaa-aaaa-aaaa-aaaaaaaaaaaa
738,Wait long trip still,During exactly institution contain affect all. West south mouth whole compare weight. Republican couple nice couple a. South father which black attention. Capital talk measure modern interview middle American tell. Bar weight shoulder.,193,75,189.24,JPY,162aaaaa-aaaa-aaaa-aaaa-aaaaaaaaaaaa
739,Reach five measure,Control physical collection book last according. Wish us score prepare dark language glass. Book theory management others soon. Month lay book article. Nature doctor data. Property tough seat during.,231,55,192.66,EUR,153aaaaa-aaaa-aaaa-aaaa-aaaaaaaaaaaa
740,Serve step tough,Other hot seven serious degree. Low think bad collection short film wish within. Himself huge great best. Citizen civil push court believe.,581,194,34.64,USD,142aaaaa-aaaa-aaaa-aaaa-aaaaaaaaaaaa
741,Better management through,Available pay candidate bad yeah. Simply whose white possible sort turn. Affect provide page experience consider thought. Table person hair. Senior street tell director door.,347,313,179.91,JPY,14aaaaaa-aaaa-aaaa-aaaa-aaaaaaaaaaaa
742,Soldier and week,Health former wrong student. Per get five technology. Group work race.,986,10,5.33,USD,22aaaaaa-aaaa-aaaa-aaaa-aaaaaaaaaaaa
743,Result task,Human put church guy reality. Phone each rate address actually commercial opportunity. Very cup data full last in why. North let that decide series. Past want their professor race color always. Land plan recent.,712,8,94.4,USD,18aaaaaa-aaaa-aaaa-aaaa-aaaaaaaaaaaa
744,School analysis,Skin full woman carry ability study. Party chair create. Kid begin contain science of under these. Data which us five local case. Hair argue as arrive network bar though.,479,60,9.52,USD,1622aaaa-aaaa-aaaa-aaaa-aaaaaaaaaaaa
745,Each medical,Husband my southern artist arrive often. Pass team billion effect do artist quickly decide. Anything sit ground. Control know even gun concern sound. Hundred man bed gas.,876,3,53.85,USD,16112aaa-aaaa-aaaa-aaaa-aaaaaaaaaaaa
746,Record increase behavior,Appear final add commercial. Society these agreement language down cause. Within last site travel western environment.,140,117,93.76,EUR,1613aaaa-aaaa-aaaa-aaaa-aaaaaaaaaaaa
747,Improve consumer,Argue full bed firm player. Hit accept need involve write model. Wind economy her both receive team. Person memory report over. Range experience late close cost statement.,408,200,185.21,GBP,1412aaaa-aaaa-aaaa-aaaa-aaaaaaaaaaaa
748,Car letter check,Same relationship item international note. When spring fight past son yourself. Truth woman involve positive.,109,325,167.82,JPY,1612aaaa-aaaa-aaaa-aaaa-aaaaaaaaaaaa
749,Laugh them we,Listen wait buy car decide plan. Key upon card range star a. About remain especially doctor.,404,356,150.28,GBP,13aaaaaa-aaaa-aaaa-aaaa-aaaaaaaaaaaa
750,Rule spend,Recently half change country pass member. Go billion consider wall visit account. Identify seat section already beat almost lead.,243,233,46.65,JPY,15aaaaaa-aaaa-aaaa-aaaa-aaaaaaaaaaaa
751,Unit choice gun,Start line mission wait hospital. Analysis bar travel. Cell most yard treatment usually. Ok trip network former never last. Serious couple avoid theory represent us. Short education drug act finally indicate.,434,329,141.82,GBP,144aaaaa-aaaa-aaaa-aaaa-aaaaaaaaaaaa
752,Marriage standard,Hotel accept almost would project serve. Let nature attorney growth process bed grow. Condition anyone student note. They at every interest figure. Financial low foreign chance summer purpose improve group. Pattern often pay oil push sing physical.,587,155,111.99,GBP,1613aaaa-aaaa-aaaa-aaaa-aaaaaaaaaaaa
753,Dinner will term,Theory poor wonder off position son. Kitchen case happy necessary record detail nation young. Day knowledge reality million.,509,371,21.78,USD,152aaaaa-aaaa-aaaa-aaaa-aaaaaaaaaaaa
754,Drug civil cup,Simple interesting fund in kid. Structure thus region yes. Moment career writer page oil fall. Herself heart performance oil. Drive marriage yourself national my recognize. Human effort force city person.,930,318,136.63,EUR,162aaaaa-aaaa-aaaa-aaaa-aaaaaaaaaaaa
755,Player much,Risk field fact. Parent order consumer treat. Exist kitchen response ago third director. Full forward involve notice produce dream improve peace. Southern city hand.,1084,10,96.24,USD,1611aaaa-aaaa-aaaa-aaaa-aaaaaaaaaaaa
756,Up page,Environment bring but institution. Chair kind member week. Though leader appear few. Hold senior pressure improve.,802,243,9.79,JPY,16aaaaaa-aaaa-aaaa-aaaa-aaaaaaaaaaaa
757,Learn laugh see,Career health also television avoid step again. Of charge nothing third economic short make these. Movie father almost stop by forget middle.,836,234,48.2,JPY,18aaaaaa-aaaa-aaaa-aaaa-aaaaaaaaaaaa
758,Able,Rock wall notice receive financial. One individual most will generation dark sort. Ask between because hard daughter institution beautiful.,500,493,168.49,GBP,161aaaaa-aaaa-aaaa-aaaa-aaaaaaaaaaaa
759,How bad,Picture anyone short data before star easy should. Surface miss Democrat night message tend. Lot relationship than take whatever sport.,368,268,15.18,JPY,142aaaaa-aaaa-aaaa-aaaa-aaaaaaaaaaaa
760,Entire Mr,Push study benefit green before. Modern should ask upon method. Republican special TV value.,109,52,177.75,EUR,14aaaaaa-aaaa-aaaa-aaaa-aaaaaaaaaaaa
761,The region,Might common moment least. Early move time goal son. More pressure community hour.,1054,18,143.82,JPY,24aaaaaa-aaaa-aaaa-aaaa-aaaaaaaaaaaa
762,Smile,Expect author until. Blue throughout town movement full. Then piece ahead five look recent. Watch two example huge speak money.,918,62,106.48,GBP,11aaaaaa-aaaa-aaaa-aaaa-aaaaaaaaaaaa
763,Marriage chair protect,Television employee into four treatment executive this. Ball table although speech discussion. Similar top these audience. Message tonight mean month word debate.,660,370,149.96,EUR,134aaaaa-aaaa-aaaa-aaaa-aaaaaaaaaaaa
764,Service contain thousand serious,Beyond left company audience eight and. Policy talk federal improve it more enjoy. Garden score fact result management me later often. Rest firm mind democratic. Skill his lot data language church take.,1026,317,151.1,USD,141211aa-aaaa-aaaa-aaaa-aaaaaaaaaaaa
765,Put know rate,Information wrong statement wind top on. Hot sea eat subject call. Second cause possible as. Far real central business there indicate base. Bit show somebody risk.,598,298,185.14,GBP,163aaaaa-aaaa-aaaa-aaaa-aaaaaaaaaaaa
766,Left call,Outside world sure stop require fill away. There consider win play word style usually message. Agreement themselves thing method city. Cause organization song his yet that.,158,230,160.6,USD,151aaaaa-aaaa-aaaa-aaaa-aaaaaaaaaaaa
767,Call keep way,Realize involve scientist however whatever evidence. Style same number plant quite owner physical. Television form least information detail. Man there goal just together whatever job. Figure international without off. Establish less company for plant manage cut.,590,104,63.75,GBP,151aaaaa-aaaa-aaaa-aaaa-aaaaaaaaaaaa
768,Include,Whom start tonight perhaps. Memory until property. Talk environmental possible alone race. Little street upon structure.,432,210,45.75,USD,142aaaaa-aaaa-aaaa-aaaa-aaaaaaaaaaaa
769,Its begin,Life near when PM. Base perhaps represent not simple various listen. Rest really travel heart begin if benefit. Fund state PM size force leg.,739,203,108.37,JPY,25aaaaaa-aaaa-aaaa-aaaa-aaaaaaaaaaaa
770,Provide season,Stuff network office sister enter. Itself great bag south. Not ahead about foreign take sit. Recognize expert candidate blue resource continue single. Area Congress read have. Particular work political investment our reality.,942,36,43.69,GBP,133aaaaa-aaaa-aaaa-aaaa-aaaaaaaaaaaa
771,Me prove,Direction fly them arm various school likely. Song road news draw which. Better common carry political majority. Almost why scene thing far range. Common send figure push.,451,298,88.86,USD,153aaaaa-aaaa-aaaa-aaaa-aaaaaaaaaaaa
772,Science long article,South always book sister success best. Fire reach then keep. Know design far until travel.,934,214,26.17,USD,16114aaa-aaaa-aaaa-aaaa-aaaaaaaaaaaa
773,Live work,Spend note evening actually. Bring none during same a. With live heart few. Actually own off already peace piece.,843,197,178.89,JPY,1622aaaa-aaaa-aaaa-aaaa-aaaaaaaaaaaa
774,Other brother ground office,Professional mention lose store heart finish. Play our while traditional party. Measure until role these standard pay.,1021,439,100.63,GBP,21aaaaaa-aaaa-aaaa-aaaa-aaaaaaaaaaaa
775,Both three,Test age fact maintain final suffer. Election important about herself yes. Beyond thank economy on.,595,369,63.03,EUR,163aaaaa-aaaa-aaaa-aaaa-aaaaaaaaaaaa
776,Step beyond,Agency challenge among cover rest. Central Congress course source minute four. Drop let pass career join tough affect contain. Name help carry sit tend. Over clear development these. Feel goal glass law model just idea.,921,412,189.84,GBP,16111aaa-aaaa-aaaa-aaaa-aaaaaaaaaaaa
777,Teacher lot,Expect off where couple minute eat enter. Interview cell fast pretty tax yes. Hand election game third. Expect rich arm know street drop raise. Sure candidate floor safe inside listen change. Window fear policy south tax.,161,207,150.72,USD,141aaaaa-aaaa-aaaa-aaaa-aaaaaaaaaaaa
778,Stop write owner,People perhaps degree buy claim. Guy can agree end former talk meet. Brother necessary live discuss. Identify bar network. At land example blue firm participant.,142,485,100.41,EUR,162aaaaa-aaaa-aaaa-aaaa-aaaaaaaaaaaa
779,Clearly next,Mean little machine popular suddenly. Season human their will western share eat. Each ability be station us. Film prevent region person myself against. Trouble west board consider ago seat collection environment. Allow artist government either record more.,492,463,171.85,EUR,1613aaaa-aaaa-aaaa-aaaa-aaaaaaaaaaaa
780,As hope,Friend wide around able because most. After visit decision computer certain mind. Risk possible positive voice star world. Each see in both. Since remember foreign word manage. Floor way national course last dog maybe character.,1015,408,121.08,EUR,23aaaaaa-aaaa-aaaa-aaaa-aaaaaaaaaaaa
781,Site maintain message,Be top reveal across house remember. Or feel exist food seat. Instead month letter word cover significant modern. Value fish day then table foot. Girl prove choice manager family. Prevent quite others.,1052,438,32.67,USD,16113aaa-aaaa-aaaa-aaaa-aaaaaaaaaaaa
782,Doctor fear report,Example not religious can toward police voice. Thank who baby some financial trade color. Night voice avoid door nearly gun. Bank hot center front. Network team position store. Stand old weight radio before forget once.,199,37,41.51,USD,1612aaaa-aaaa-aaaa-aaaa-aaaaaaaaaaaa
783,Various early may,Concern stay military interesting computer evening. Attorney art arrive official. Similar city dream themselves game painting although. Among vote machine interesting. Feeling attack center sister toward management possible. Enough attack argue increase wide decide specific.,568,23,35.07,EUR,1613aaaa-aaaa-aaaa-aaaa-aaaaaaaaaaaa
784,Next might,Seat think vote wife food new change. Politics quality you American. High consider news wear.,838,202,38.97,GBP,1622aaaa-aaaa-aaaa-aaaa-aaaaaaaaaaaa
785,Or candidate green,Whom do strategy much test nice wrong. Attack case if tough series drive. Administration know summer debate. Room detail quality different and describe. Heavy perhaps international coach set week information. Body significant table hotel pattern.,470,463,78.7,GBP,1613aaaa-aaaa-aaaa-aaaa-aaaaaaaaaaaa
786,Eat skin summer,Indeed officer street where as tend voice. Great also resource likely good. Issue put either herself put. Box think fact off theory them.,410,39,129.87,JPY,152aaaaa-aaaa-aaaa-aaaa-aaaaaaaaaaaa
787,Start traditional major,Draw kind campaign issue standard. Share ago Mr church give design. Resource day care.,407,448,113.87,GBP,141211aa-aaaa-aaaa-aaaa-aaaaaaaaaaaa
788,Bag,Race fill seat system. Town line generation little card ok. Front yourself garden then high. Speak economy laugh form. Usually prove manager everybody however represent fine. Participant right beautiful rise budget.,775,234,179.33,USD,133aaaaa-aaaa-aaaa-aaaa-aaaaaaaaaaaa
789,Away for,Tonight beautiful management. Nation new compare side military poor population stand. On defense push the eat. Enjoy suddenly vote. Federal budget run popular. Here father wish street condition happen.,188,257,91.77,USD,131aaaaa-aaaa-aaaa-aaaa-aaaaaaaaaaaa
790,See after difference,Standard lead rather. Toward live address difference beautiful. Tell decision arm quality perform daughter explain before. Seem central design. Factor concern group history value material suddenly.,963,243,36.42,JPY,143aaaaa-aaaa-aaaa-aaaa-aaaaaaaaaaaa
791,Professional record,Partner nothing stay positive dog. Experience speech current half health. Eight phone Mrs. Dinner store break serious. Relationship hospital amount billion likely.,126,80,103.51,JPY,1621aaaa-aaaa-aaaa-aaaa-aaaaaaaaaaaa
792,Beat inside,Clear across ball its. Much born expect more. For rule part idea long right.,815,21,103.26,EUR,1412aaaa-aaaa-aaaa-aaaa-aaaaaaaaaaaa
793,Trade board TV,Including case structure necessary book save hospital. Wife take just free. Not design husband station whatever whatever. Congress customer others believe candidate bring. Behavior age trial require stage product.,822,394,147.4,JPY,131aaaaa-aaaa-aaaa-aaaa-aaaaaaaaaaaa
794,Serve material,Draw movie type if suffer box someone. They policy civil trip base bad. Leader these at rise structure maintain opportunity. Senior discover month final.,749,43,30.76,USD,144aaaaa-aaaa-aaaa-aaaa-aaaaaaaaaaaa
795,Appear,Onto allow crime all me almost. Huge forget hope region hot rich kitchen. Measure really lay current. Foreign degree both health.,571,410,86.18,JPY,16111aaa-aaaa-aaaa-aaaa-aaaaaaaaaaaa
796,Option prevent,Fill coach him by from capital see. Bag among industry imagine morning house. Less staff poor former nature example.,715,312,15.21,USD,1611aaaa-aaaa-aaaa-aaaa-aaaaaaaaaaaa
797,Huge then,Treat final simple. See enjoy project behind few. Resource eye because series consumer important. Garden any base black interest. Design majority away by people detail add. Teach develop once goal push hard.,574,400,86.46,JPY,25aaaaaa-aaaa-aaaa-aaaa-aaaaaaaaaaaa
798,Ago huge,Past statement history build statement result member. Politics notice back together part resource just sell. Appear action another painting bill true another. Seek guess step always soon none hold.,1012,182,100.85,JPY,24aaaaaa-aaaa-aaaa-aaaa-aaaaaaaaaaaa
799,Car reason relate,Anything receive I down move trade. Tend talk enjoy eat to Republican offer. Street cut gun summer. Process beautiful learn season current. Defense off degree recognize away. Here act go out factor church.,716,490,63.94,USD,27aaaaaa-aaaa-aaaa-aaaa-aaaaaaaaaaaa
800,Him as east,Inside gas year discuss beyond value give. Stop adult later record total. Someone far large because travel month. Alone paper enough successful opportunity get possible. View character prevent recognize become practice daughter.,394,486,61.27,USD,16114aaa-aaaa-aaaa-aaaa-aaaaaaaaaaaa
801,Area student treat,Know light hard cover treat career. Much day wind. Never picture they. Unit culture really federal. Billion fear song out heart. Race learn state style fire.,1078,38,194.25,EUR,141aaaaa-aaaa-aaaa-aaaa-aaaaaaaaaaaa
802,Certain score,Guy wait light heavy always notice. Toward if hour although language edge. Sport wide beat explain bill.,730,334,151.05,GBP,1411aaaa-aaaa-aaaa-aaaa-aaaaaaaaaaaa
803,Actually recently,Store game read their. Read table instead task leave talk table. Boy number adult impact gun edge writer.,979,470,25.79,USD,27aaaaaa-aaaa-aaaa-aaaa-aaaaaaaaaaaa
804,Only article,These coach eat agreement. Training who understand. Sure expect writer bar generation big case. Under area rate himself foot. Challenge issue resource respond bill fine. Art my south future.,871,123,49.4,JPY,26aaaaaa-aaaa-aaaa-aaaa-aaaaaaaaaaaa
805,Instead simply,National tonight town newspaper people trade political. Region board available either direction send table boy. Network everyone sit according. Board civil behind beautiful herself buy.,688,59,194.97,EUR,132aaaaa-aaaa-aaaa-aaaa-aaaaaaaaaaaa
806,Into,First stay of her us time president. Detail table out itself. Garden memory mission impact her score. Pick evening cold. Including check yes.,788,310,123.55,JPY,15aaaaaa-aaaa-aaaa-aaaa-aaaaaaaaaaaa
807,Newspaper off hard lose,And idea bit of. Style serve population particular defense represent pattern deep. Past perhaps simple good should smile. Nice move difficult election tell. Long both serve store.,1030,155,121.18,USD,20aaaaaa-aaaa-aaaa-aaaa-aaaaaaaaaaaa
808,Necessary them,Oil art idea food. Tough quality nothing art never Republican cup popular. Technology kid seven city artist speech federal activity.,911,145,5.79,USD,152aaaaa-aaaa-aaaa-aaaa-aaaaaaaaaaaa
809,Assume agency,Six camera better between onto against hundred. Guy list how throughout result buy perhaps. Put difficult strategy music. Movie method approach candidate. Despite outside represent evidence red capital two.,692,430,33.06,EUR,21aaaaaa-aaaa-aaaa-aaaa-aaaaaaaaaaaa
810,Medical body success,Development develop prepare Mr work happen. Everyone score product thought. Family require heart wear trouble bag close office. Election wear clearly serious cut truth.,894,225,156.75,USD,19aaaaaa-aaaa-aaaa-aaaa-aaaaaaaaaaaa
811,Now provide,Reflect value together include life consumer. Single design window mind front test. War level city free everyone sit car forward.,951,310,92.26,JPY,161aaaaa-aaaa-aaaa-aaaa-aaaaaaaaaaaa
812,In upon concern,Long director yeah Mrs part. Meeting which south goal challenge. Particular play letter serve. Point six peace put fund like. Campaign sign air and when agreement. Fill beautiful surface drive foreign very physical federal.,492,228,21.09,JPY,23aaaaaa-aaaa-aaaa-aaaa-aaaaaaaaaaaa
813,Need my debate,West I impact. Especially generation behind again economy follow. Energy scientist ready even bag build language. Part class society minute which across. Quality information production fill.,954,262,155.26,GBP,11aaaaaa-aaaa-aaaa-aaaa-aaaaaaaaaaaa
814,Election what,Wall bed idea senior say door several. Crime apply put cultural. Game kind main can arrive wrong home may. Offer federal buy tend.,535,197,199.57,USD,20aaaaaa-aaaa-aaaa-aaaa-aaaaaaaaaaaa
815,Person everybody,Put whole type require stage yard. Big firm contain itself end sister fine. Officer account loss project. None story compare. Board part seem inside lay position though. Clearly hundred movement course never.,587,414,175.07,JPY,151aaaaa-aaaa-aaaa-aaaa-aaaaaaaaaaaa
816,Article full left,Heart simple director. Enjoy financial kind exactly. Religious role too authority understand long. Cultural laugh task account. Person attack too. Mother low already million traditional choose worker.,579,80,51.46,USD,1611aaaa-aaaa-aaaa-aaaa-aaaaaaaaaaaa
817,I five partner customer,Place data care point meet beyond social determine. When together wide interest. Writer physical almost cover economic. Line near little them only near. Either husband at share.,420,334,109.56,USD,141211aa-aaaa-aaaa-aaaa-aaaaaaaaaaaa
818,Week continue discover,Thank management owner prevent. Might service born those carry street week eye. Federal threat different side growth increase draw. Compare think president energy white scene through my.,651,300,75.99,GBP,162aaaaa-aaaa-aaaa-aaaa-aaaaaaaaaaaa
819,Fine few,Hold prove religious. Media drop close remember kid let blood. While language court behavior specific decision rock vote. Much present during crime health go majority international. Election prove free what. Surface far seven wait certainly.,664,51,30.31,USD,134aaaaa-aaaa-aaaa-aaaa-aaaaaaaaaaaa
820,Music social in,Sit thousand business collection step inside. Education place church anyone reach gun doctor. Camera population together too war pay.,686,500,126.37,USD,142aaaaa-aaaa-aaaa-aaaa-aaaaaaaaaaaa
821,Far next together,Need fire chair party. Behavior attack something prove today customer across already. Audience low they dinner only. Character could campaign worker instead production. Thus camera population future talk. State serious test assume able arrive.,729,454,198.19,USD,27aaaaaa-aaaa-aaaa-aaaa-aaaaaaaaaaaa
822,Very someone race,Detail around home special effort. Style effect your kid market set billion. Media blue quality. Per gun society best. Figure other term. Tax popular door close simply pick theory.,360,382,166.36,EUR,141211aa-aaaa-aaaa-aaaa-aaaaaaaaaaaa
823,Truth make age eight,Network fish respond travel girl remain one. Heavy physical animal. Force us way eat back direction. He everything step space. Different support politics around another.,519,350,109.63,EUR,17aaaaaa-aaaa-aaaa-aaaa-aaaaaaaaaaaa
824,Human real,Air free difference carry treatment probably. Any magazine lawyer baby. Manage again or talk mind. Decision first purpose identify large teach. Magazine again sister very successful style. Respond early wind citizen meet community candidate.,338,224,168.42,GBP,153aaaaa-aaaa-aaaa-aaaa-aaaaaaaaaaaa
825,Their threat already,Trade court each car along. Truth culture letter light western language method. Public show keep sound.,386,97,120.2,GBP,14121aaa-aaaa-aaaa-aaaa-aaaaaaaaaaaa
826,Today design follow,Action low television quite for myself argue. Interview defense look conference. Institution response interesting push quickly purpose however example.,1085,26,77.82,USD,13aaaaaa-aaaa-aaaa-aaaa-aaaaaaaaaaaa
827,Sometimes sea success money,Choice important choose father. Might share some travel near improve. Car experience some firm political already people later. Car enjoy shake recently large daughter. Safe movement maybe great yes I own.,457,240,165.91,EUR,1622aaaa-aaaa-aaaa-aaaa-aaaaaaaaaaaa
828,Assume story kid,Night respond Mrs task again second. All laugh exactly western use. Official might character its ready huge. Night despite popular simply return no tax. Way shoulder not style risk with along.,159,269,90.71,JPY,132aaaaa-aaaa-aaaa-aaaa-aaaaaaaaaaaa
829,Life phone audience,They we clearly front however. Public cut of safe catch within. Never modern trade theory issue manage fine.,565,376,96.65,EUR,27aaaaaa-aaaa-aaaa-aaaa-aaaaaaaaaaaa
830,Minute happen,Again seem often event sell. Eight break star general. Set outside similar similar.,450,228,118.91,EUR,131aaaaa-aaaa-aaaa-aaaa-aaaaaaaaaaaa
831,Reach partner,Particular yard approach increase art north happy. Majority moment once. Soon write TV sea evening style may.,725,119,182.56,USD,10aaaaaa-aaaa-aaaa-aaaa-aaaaaaaaaaaa
832,Hard event usually,Religious win way firm defense none institution. Section town four lawyer visit method end. Computer remain their space vote subject long many. American a five little safe.,966,379,183.72,JPY,13aaaaaa-aaaa-aaaa-aaaa-aaaaaaaaaaaa
833,Responsibility good,Drive Mrs daughter draw laugh couple. Defense turn every off once. Cold past management.,847,89,6.15,JPY,143aaaaa-aaaa-aaaa-aaaa-aaaaaaaaaaaa
834,Wife,Six research brother official actually. Value rise Republican food cut grow scientist. Moment have own. Box hour every hear writer consider some debate. Probably effect mission miss PM various. Someone set several court compare hair debate.,925,443,182.53,EUR,12aaaaaa-aaaa-aaaa-aaaa-aaaaaaaaaaaa
835,Bar hear be,Operation commercial hundred adult. Within sort education only north. Fine financial yeah. Yet condition sure list build.,438,249,173.77,USD,134aaaaa-aaaa-aaaa-aaaa-aaaaaaaaaaaa
836,Republican,Painting operation bring plant along kid town. Run rather Mr short. Attorney rather adult state other treatment old. Base affect student physical country material degree. Ever generation else million run. Key research collection if.,329,204,36.85,GBP,18aaaaaa-aaaa-aaaa-aaaa-aaaaaaaaaaaa
837,Candidate fill accept,Attack kid consider development while rest vote walk. Some heart benefit hard several professor themselves argue. Media imagine their process science environmental heavy. Far water resource experience find night election culture. Author remain three view. Reality democratic figure reveal think recent main.,622,475,150.69,JPY,17aaaaaa-aaaa-aaaa-aaaa-aaaaaaaaaaaa
838,Land bit,Always subject major various far treatment. Magazine test affect increase reason. Serve fact product parent beyond energy set. Size sort up say debate by during. Focus discover into woman keep a ever.,506,442,36.62,USD,10aaaaaa-aaaa-aaaa-aaaa-aaaaaaaaaaaa
839,Face,Identify task century true reach trouble three cup. Hair difference space especially interesting always manager heavy. Up toward learn network guy term.,401,436,156.34,USD,1611aaaa-aaaa-aaaa-aaaa-aaaaaaaaaaaa
840,Action attorney,These message big certainly mention. Program inside sea course almost leader mention. Item as another what hospital national offer. Boy change even pressure suffer behavior a.,318,387,12.39,USD,141211aa-aaaa-aaaa-aaaa-aaaaaaaaaaaa
841,Owner well,Chair act speak adult oil. Friend husband she upon manager. Bill model water second where.,560,279,17.31,GBP,13aaaaaa-aaaa-aaaa-aaaa-aaaaaaaaaaaa
842,Start like,Price year field station little strategy already. Available position long sound kid sort travel. Player wall free forward future.,572,229,143.4,JPY,162aaaaa-aaaa-aaaa-aaaa-aaaaaaaaaaaa
843,Population successful,Attack worry and physical hair sell address. Perform either chance everyone nothing yourself month. Structure south opportunity if although operation choose.,211,464,177.74,JPY,21aaaaaa-aaaa-aaaa-aaaa-aaaaaaaaaaaa
844,There born,Present technology trip talk. Accept ready box unit plan continue bar. Least protect nice key church piece nothing. Whatever pretty ok better.,655,238,79.05,JPY,16114aaa-aaaa-aaaa-aaaa-aaaaaaaaaaaa
845,Red whatever,Success list stand poor night memory his. Hard they former despite read most. Professor true bill would experience difficult any open. Among like car democratic ball senior. Rather fear American time may left few.,274,369,109.19,EUR,16114aaa-aaaa-aaaa-aaaa-aaaaaaaaaaaa
846,Citizen small,Movie test fill reach. Fall performance soon wall second painting look. Sit learn part quickly. Get toward up line before chance. Whose politics soon eat. News environmental manage of bar tree much during.,962,491,21.47,EUR,132aaaaa-aaaa-aaaa-aaaa-aaaaaaaaaaaa
847,No child second away,Mouth though wear task risk town high carry. Season such interest. City military use value happy add yeah. Somebody imagine open onto sign western traditional. Day analysis pick return rule important network.,909,263,82.33,JPY,14121aaa-aaaa-aaaa-aaaa-aaaaaaaaaaaa
848,Beat window,Full clear because expert. Increase everybody though ahead director identify thank. Authority man fight industry brother smile.,857,422,88.32,EUR,27aaaaaa-aaaa-aaaa-aaaa-aaaaaaaaaaaa
849,Protect break,Argue add race. Must technology whose other war require. Trip group Mr in technology risk cause. Management personal surface compare travel. Require least picture just glass.,492,472,15.03,EUR,143aaaaa-aaaa-aaaa-aaaa-aaaaaaaaaaaa
850,Never window coach,Administration skin fly rich increase view respond. Investment happen standard either live serious. Stay sound event item you catch skill.,735,127,69.85,JPY,26aaaaaa-aaaa-aaaa-aaaa-aaaaaaaaaaaa
851,Exist most,Explain every understand benefit institution such generation maybe. Sense paper argue through eight require heart. Serious country group. Argue affect wonder firm factor size national.,673,275,24.42,EUR,23aaaaaa-aaaa-aaaa-aaaa-aaaaaaaaaaaa
852,Voice minute,Although now several out. Expert drive painting laugh. Age growth say cost professor try. Meet can defense. Wear American force upon check two language agree.,688,493,68.15,GBP,23aaaaaa-aaaa-aaaa-aaaa-aaaaaaaaaaaa
853,Hot discuss staff idea,Change really animal skin law government since. Interest turn just relationship test fact world. Best treat fast lead.,475,101,60.23,EUR,1412aaaa-aaaa-aaaa-aaaa-aaaaaaaaaaaa
854,Own represent management,Write those fish note. Machine save military involve agency. Authority despite special always different grow research. Challenge page less hand. Where buy record government safe friend newspaper. Company religious radio understand painting campaign newspaper.,689,307,75.37,JPY,134aaaaa-aaaa-aaaa-aaaa-aaaaaaaaaaaa
855,Second pay,Street drug blood shoulder strong. Day blue compare field situation move similar. View want product.,449,383,35.4,USD,16113aaa-aaaa-aaaa-aaaa-aaaaaaaaaaaa
856,Door sort,Administration each cost college main. Often teach customer. All this father local. Effect impact voice product six data even.,854,348,18.74,EUR,143aaaaa-aaaa-aaaa-aaaa-aaaaaaaaaaaa
857,Well central ability space,Her close perform detail. Method put agency middle magazine hope agent. Above day see condition top. Unit collection Republican add avoid. East worry adult financial section east same. Find pressure goal nation media.,1014,47,58.69,EUR,18aaaaaa-aaaa-aaaa-aaaa-aaaaaaaaaaaa
858,Send foot,Even score cut agree social near its research. Certain what number budget. Happy call new bank fine.,1048,336,159.62,GBP,18aaaaaa-aaaa-aaaa-aaaa-aaaaaaaaaaaa
859,Will threat treat,Phone find maintain. Oil cause anyone hope performance newspaper wide. Threat catch six bed attorney international newspaper price. A begin significant her ball. Economy represent these change. Might upon computer guy chance finish probably.,114,360,32.34,JPY,27aaaaaa-aaaa-aaaa-aaaa-aaaaaaaaaaaa
860,Down exactly say,Perform at visit push technology large any. Scientist court hit call agency. Ask take outside Mrs speech buy dog. Save perhaps spring else. Myself spend mind size itself return population many.,336,200,70.59,USD,15aaaaaa-aaaa-aaaa-aaaa-aaaaaaaaaaaa
861,Attorney cup charge,President class full analysis their we magazine. Money start writer manager everybody. Loss painting she goal adult. Moment number the size center mission. Push information player end PM fear professor speak.,385,71,183.24,USD,1412aaaa-aaaa-aaaa-aaaa-aaaaaaaaaaaa
862,Low dog require,Rise research mention idea per author study. Computer perhaps threat well pull. Site thousand personal old know increase. Return it cover necessary drug likely scientist. Open use main tough.,560,268,192.34,USD,141211aa-aaaa-aaaa-aaaa-aaaaaaaaaaaa
863,Agree change,Owner capital onto tend provide. Most fact themselves international reduce. Challenge move through give we.,550,243,164.5,JPY,27aaaaaa-aaaa-aaaa-aaaa-aaaaaaaaaaaa
864,Hit mother,Could message standard power off yes. Back skill wait so I over remain. Strong who kitchen perhaps increase great.,995,247,100.42,EUR,16112aaa-aaaa-aaaa-aaaa-aaaaaaaaaaaa
865,Professor enjoy,Phone show glass heart wife standard money. Thank case none financial each information degree. She positive professor office early. Possible too activity after one traditional weight. Professional success training magazine.,173,72,152.72,GBP,16aaaaaa-aaaa-aaaa-aaaa-aaaaaaaaaaaa
866,Rule nor,Her level husband bit. Statement bring article happen though maybe unit something. That thank wrong whether amount. Myself amount why scientist.,773,28,5.29,JPY,161aaaaa-aaaa-aaaa-aaaa-aaaaaaaaaaaa
867,Save threat newspaper,Stop standard agreement sell doctor nor. Friend visit less so picture training turn. Pattern poor care lose beyond article throughout girl. There like entire director. Executive be but idea him. Good few state car study you.,121,97,179.31,USD,14121aaa-aaaa-aaaa-aaaa-aaaaaaaaaaaa
868,Turn do,Scientist walk speech commercial on eye. Early nature save again become might. Represent only they dark management factor land second. Sell catch early movement south state six structure. Provide medical this site.,701,26,120.91,USD,132aaaaa-aaaa-aaaa-aaaa-aaaaaaaaaaaa
869,Reality son seven,Same trip call gun call. Arrive fast laugh along. Table need discover activity. Student collection note nature.,932,230,34.65,EUR,141aaaaa-aaaa-aaaa-aaaa-aaaaaaaaaaaa
870,End,Region recent bar. Fight history change others seem which. Close current full marriage. Less record message place strong personal because.,1016,273,106.7,GBP,131aaaaa-aaaa-aaaa-aaaa-aaaaaaaaaaaa
871,Keep just,Answer matter leader choice activity too. Single magazine choose education them find. Prove ready budget method mother effect pay. Campaign none single teach soldier station. Factor effort already.,746,79,7.63,JPY,15aaaaaa-aaaa-aaaa-aaaa-aaaaaaaaaaaa
872,About individual,Which sound reduce loss whose certain senior party. Its agreement military certain character garden political. Large throughout purpose suddenly state.,531,266,191.66,JPY,14121aaa-aaaa-aaaa-aaaa-aaaaaaaaaaaa
873,Ball strong onto,Nearly trouble author firm opportunity away. Pm task surface spend attorney. Certain identify bill list risk.,891,144,66.56,JPY,10aaaaaa-aaaa-aaaa-aaaa-aaaaaaaaaaaa
874,Seven my a,People half science people blood executive. Way wear chance authority yourself. Way coach spring study side technology describe. Doctor help gas spend up trouble.,990,421,15.56,JPY,161aaaaa-aaaa-aaaa-aaaa-aaaaaaaaaaaa
875,Picture enter usually,Great effect budget across response arrive majority ability. Life project best job news natural. Anyone ground lay science occur. If member specific good actually life else modern. Kid spend form hair information military door.,380,18,46.24,JPY,1412aaaa-aaaa-aaaa-aaaa-aaaaaaaaaaaa
876,Discuss win,Effort head conference detail. She thousand fact speech edge professional read fast. Bag act his data. Power evening identify. Color way return carry indicate.,808,224,65.91,EUR,142aaaaa-aaaa-aaaa-aaaa-aaaaaaaaaaaa
877,Nor matter,Expert parent sound positive per push. My every impact majority success boy. Color special interesting happy test kitchen hundred. If another hope address husband perhaps foot.,986,396,143.34,EUR,1411aaaa-aaaa-aaaa-aaaa-aaaaaaaaaaaa
878,Kitchen common,Event increase back admit. Degree inside according difference picture. The growth voice mission indicate tough seem imagine. No age appear history. Result do candidate administration box forget area. Contain glass activity gas.,314,312,138.02,JPY,16114aaa-aaaa-aaaa-aaaa-aaaaaaaaaaaa
879,Executive so,Foot central indicate compare white simple rock. Model effect college song skill young kid case. Organization fill land environment around toward.,994,439,95.34,USD,11aaaaaa-aaaa-aaaa-aaaa-aaaaaaaaaaaa
880,Send whom,Keep return painting expect. Bit baby ok wall various community responsibility. Board need involve serious control understand across who.,1019,147,87.23,USD,1613aaaa-aaaa-aaaa-aaaa-aaaaaaaaaaaa
881,Cold student behind,Likely significant officer song home improve various. Ability near similar open mother prevent opportunity. Citizen Mr consumer. None give guy include style right politics. Son beyond them report. Cut likely TV science including east.,252,449,193.96,EUR,1613aaaa-aaaa-aaaa-aaaa-aaaaaaaaaaaa
882,Public sit her,Center occur remember win. Could beat country coach. At able record them whatever goal middle. Mrs his role organization others. Fill project writer again western.,815,59,40.22,GBP,144aaaaa-aaaa-aaaa-aaaa-aaaaaaaaaaaa
883,Defense food fact,Student nice capital laugh information account television. Cup face close old benefit seven stay. Work among price suddenly coach ground factor. Surface station father less building own. Strategy music police dream likely across level.,1058,239,74.53,USD,1621aaaa-aaaa-aaaa-aaaa-aaaaaaaaaaaa
884,It someone,Believe follow brother soldier weight other. Specific final including process experience themselves have. Break car drive voice put. Describe painting someone hope. Record age Mrs challenge debate really treatment.,387,198,6.59,USD,152aaaaa-aaaa-aaaa-aaaa-aaaaaaaaaaaa
885,Everybody arm one,Suffer trouble time memory. Arrive sell stuff artist will former can. Get role around conference democratic ok. Star enjoy prepare machine step maybe. Century when behavior. Realize next himself staff beat.,932,264,104.97,GBP,161aaaaa-aaaa-aaaa-aaaa-aaaaaaaaaaaa
886,Example,Evidence run could offer politics sense citizen. Establish computer rise area test alone. Bed computer thought team. Method along huge morning industry. Color like pass short.,196,221,66.97,GBP,10aaaaaa-aaaa-aaaa-aaaa-aaaaaaaaaaaa
887,Idea energy TV,When himself pull over specific three. Opportunity toward throw charge might. Test production ok person. Local skill organization even each. Adult opportunity often difficult crime throw exactly size. Responsibility dinner mention card media new.,494,479,13.58,JPY,143aaaaa-aaaa-aaaa-aaaa-aaaaaaaaaaaa
888,Sister letter,And much world usually development. Cultural beat race live change teach international. Upon member rate condition politics. Artist morning entire government.,138,436,42.56,EUR,1621aaaa-aaaa-aaaa-aaaa-aaaaaaaaaaaa
889,Sit relationship manager season,Wait pay peace share institution. Most like collection practice bring. Thousand hear stop present him. Only bring size whole firm.,809,434,11.99,EUR,151aaaaa-aaaa-aaaa-aaaa-aaaaaaaaaaaa
890,Inside news truth,Small administration work care however peace. Cover establish amount left. Measure catch set season pressure. Factor very state drive everyone language ground.,865,22,108.3,USD,1613aaaa-aaaa-aaaa-aaaa-aaaaaaaaaaaa
891,The down,Success these piece. Total product performance. Strategy exist summer general institution her. Attorney new soon green suddenly simply should. Break plant doctor right use enter cold never. Course radio remember.,656,254,55.08,GBP,132aaaaa-aaaa-aaaa-aaaa-aaaaaaaaaaaa
892,Kind indicate subject,List check event direction nor natural young. Energy recent provide race. High end them security.,1077,430,67.33,USD,13aaaaaa-aaaa-aaaa-aaaa-aaaaaaaaaaaa
893,Available,Democratic house need painting. Meeting personal single ever for. Always risk mother full.,345,162,139.56,JPY,132aaaaa-aaaa-aaaa-aaaa-aaaaaaaaaaaa
894,Music rest moment,Drug during you carry condition maintain. Civil pull site arrive. Discussion personal significant trip generation play believe.,727,65,179.13,JPY,1411aaaa-aaaa-aaaa-aaaa-aaaaaaaaaaaa
895,Boy agency white,Among say wind skill recent research hundred. Right parent should likely. Mouth test suggest level.,952,347,110.33,EUR,163aaaaa-aaaa-aaaa-aaaa-aaaaaaaaaaaa
896,Scene get summer trouble,Leg affect actually pick senior. By ago decade source simple check himself. Authority if when break medical treatment. Herself suddenly too. Decade standard fly race. Behavior partner miss necessary sign by reason board.,766,373,135.59,EUR,12aaaaaa-aaaa-aaaa-aaaa-aaaaaaaaaaaa
897,Even collection how,Become truth raise accept receive. Across pattern ago everybody increase. Spend debate condition debate. Choose western suffer hand. Skin movement reality maybe rich. Future value just each.,864,408,168.26,USD,161aaaaa-aaaa-aaaa-aaaa-aaaaaaaaaaaa
898,Easy fear carry,Pattern person suddenly best pressure writer industry experience. Care attorney theory sort. Significant wait chair. During should save range night. Result conference staff recently along bed recently. Call great minute cover enter.,426,482,191.59,JPY,10aaaaaa-aaaa-aaaa-aaaa-aaaaaaaaaaaa
899,Business identify magazine,Including specific space available pressure current. Real performance father imagine. Me factor anything girl ask national class. Year base drive could worker girl.,229,61,179.01,JPY,18aaaaaa-aaaa-aaaa-aaaa-aaaaaaaaaaaa
900,Real,Over get social. Feel even movie couple to. Century strong every short eye clearly action. Firm fall nor. Way test born water realize.,1086,180,83.02,USD,134aaaaa-aaaa-aaaa-aaaa-aaaaaaaaaaaa
901,Red commercial,Accept office out yard word public raise. Bag challenge house thousand. Turn one find suddenly civil trip.,235,119,107.57,GBP,132aaaaa-aaaa-aaaa-aaaa-aaaaaaaaaaaa
902,She eat center,Factor most less sister news. Partner state ability imagine well. Politics song center everyone those. May like forward water. Model training along discover including. Arrive face size maintain interesting class cost. Prevent season open read three.,346,127,24.1,EUR,142aaaaa-aaaa-aaaa-aaaa-aaaaaaaaaaaa
903,Commercial region,Serve rate answer tough see. Serious factor before floor. Beat always difference actually. Father west our keep election force close. Form large find game tax room. Weight want ask current raise actually far let.,282,14,106.7,EUR,152aaaaa-aaaa-aaaa-aaaa-aaaaaaaaaaaa
904,College factor,Behavior blue each technology. How shoulder simply letter job. Medical room this for police language.,282,149,17.78,JPY,131aaaaa-aaaa-aaaa-aaaa-aaaaaaaaaaaa
905,Continue strategy,Good also cup. Minute paper bar morning wrong sister. Dark close enjoy. Defense where quality his shake can.,499,318,33.64,USD,1622aaaa-aaaa-aaaa-aaaa-aaaaaaaaaaaa
906,Real practice could,Ever hotel century decision standard idea. Right matter charge. Too within may full. True attorney industry right. Quickly summer church nature. Citizen remember store popular bank peace degree inside.,234,346,79.29,USD,161aaaaa-aaaa-aaaa-aaaa-aaaaaaaaaaaa
907,Six have wonder,Six standard administration tough wall. Add professional receive lot. Thus yard else instead truth success business.,915,399,89.59,USD,11aaaaaa-aaaa-aaaa-aaaa-aaaaaaaaaaaa
908,Establish born enough,Child system of design adult. Black bring vote leg level growth strategy. Executive fear he plan will well. Cultural movie admit own. Book blood move suggest company. Trip boy beyond them hour family.,943,183,168.87,GBP,141aaaaa-aaaa-aaaa-aaaa-aaaaaaaaaaaa
909,Fact,Break wide remain attention imagine participant decade. Politics recently president piece a. Community international color center. Question ago recent room them owner art. Heart pick million. City than choice pass address as.,1094,132,20.62,USD,22aaaaaa-aaaa-aaaa-aaaa-aaaaaaaaaaaa
910,Door could something,Prevent wrong very change them our course. Price phone team reason trouble soldier account. Boy mention sea official often of risk. Deep financial parent consumer figure. Worry free language citizen others program. Country here life require reason.,279,92,146.32,EUR,141aaaaa-aaaa-aaaa-aaaa-aaaaaaaaaaaa
911,Nation study,Choose Democrat that show throw. Five together girl film mind moment modern. Environmental whatever should lose beautiful war. Already should ahead small meet morning per.,420,248,65.34,EUR,161aaaaa-aaaa-aaaa-aaaa-aaaaaaaaaaaa
912,Watch writer,Face teach wife international no or lose then. Congress itself serious one expert gas. Impact loss against popular Mrs blue. May break play meet worker difficult. Job interesting central cultural let recently letter. Agree everybody cell.,187,174,74.22,GBP,14aaaaaa-aaaa-aaaa-aaaa-aaaaaaaaaaaa
913,Water reflect commercial,Industry trial most want several whatever. Possible make information seven. Lose indicate if bar. Security must somebody evidence rich.,401,292,84.53,USD,22aaaaaa-aaaa-aaaa-aaaa-aaaaaaaaaaaa
914,Happen common,Hot become close bank election. Small food main herself exactly sometimes need. Much idea but herself bed.,528,157,61.27,USD,14aaaaaa-aaaa-aaaa-aaaa-aaaaaaaaaaaa
915,Heart list five,Hotel stand spend father century other why. Change hospital history I social guy word. Participant because choose call. National tend American writer shoulder raise. Card safe amount under college bar foot data. Several on stay history.,451,240,195.0,EUR,152aaaaa-aaaa-aaaa-aaaa-aaaaaaaaaaaa
916,Too marriage,Newspaper manager world recently entire. Western result month clear raise moment race. Others never effect either wear.,248,411,130.23,GBP,141211aa-aaaa-aaaa-aaaa-aaaaaaaaaaaa
917,Skin on,Out charge a power size. Ready network both she. Piece follow apply little agent. Include have analysis different manager occur agent. Throughout car bad radio rich offer response send. Name surface participant whom thus should.,264,143,176.73,EUR,24aaaaaa-aaaa-aaaa-aaaa-aaaaaaaaaaaa
918,News choose poor,Still least final study throughout arrive bank modern. Impact west natural network no service mouth argue. Charge least hand painting character. Shake little positive reduce meeting begin able. Idea recent than able view head discussion. While entire it claim store space put.,776,16,147.69,EUR,26aaaaaa-aaaa-aaaa-aaaa-aaaaaaaaaaaa
919,Training property approach,Down contain example or. Prove management floor end. Skill world despite live soon member house. Require pretty job. Ten ground everything magazine evidence send art can. Treat nice sense on.,688,33,96.84,EUR,18aaaaaa-aaaa-aaaa-aaaa-aaaaaaaaaaaa
920,Thus window,Could his choice whether audience. Year onto top discussion. Break scientist surface Republican size. Participant compare federal learn kitchen. Return sound side same then Mrs.,281,138,177.14,USD,14aaaaaa-aaaa-aaaa-aaaa-aaaaaaaaaaaa
921,Necessary its,Charge religious party city sing thousand four man. Deal career later back public near. Yard under east word generation. Will beyond begin capital beat medical most. However bill sometimes minute there. Hold manager can role among.,921,285,104.8,EUR,1611aaaa-aaaa-aaaa-aaaa-aaaaaaaaaaaa
922,Goal,Interesting four participant like treat quite. Result suggest require so technology organization Mr. While though position government view. Think wear real.,619,272,129.7,GBP,15aaaaaa-aaaa-aaaa-aaaa-aaaaaaaaaaaa
923,Institution tough relationship,Open class know again beyond deal report. Best rich guess least two. Owner bed service either anyone choose visit dark.,408,216,169.87,USD,18aaaaaa-aaaa-aaaa-aaaa-aaaaaaaaaaaa
924,Enough force,Mission though price. There play center kitchen interesting season. East bring wall team factor remember institution head. At teach agreement.,809,428,126.82,JPY,21aaaaaa-aaaa-aaaa-aaaa-aaaaaaaaaaaa
925,Report eye nation,Star garden order way follow. Always high western however create federal. Administration blood station note around street. Authority effort behavior parent turn. Significant region idea authority identify citizen material. Single half line dream stop.,651,386,36.84,GBP,16114aaa-aaaa-aaaa-aaaa-aaaaaaaaaaaa
926,Memory end glass,Amount wait civil factor condition among. Industry decade drop or. Hotel play that city trip like. Director consumer physical husband cultural adult world.,976,58,142.55,USD,1622aaaa-aaaa-aaaa-aaaa-aaaaaaaaaaaa
927,Security note two,Major improve customer change. Time various east moment hot. Interest often month follow here. Turn majority red happy.,261,109,46.29,USD,16aaaaaa-aaaa-aaaa-aaaa-aaaaaaaaaaaa
928,Political go rich,Involve area assume over economic. Technology sea herself effect time. Maintain view major increase class. Concern man because. Join dinner a task right idea.,237,139,126.15,GBP,1612aaaa-aaaa-aaaa-aaaa-aaaaaaaaaaaa
929,Memory position blood,Market early ground behavior. Reason surface over program figure knowledge. Class rate behind enter media. Serious improve perhaps deal seat item. Political would among generation energy must difference. Military give however tell language produce.,318,240,146.47,EUR,16114aaa-aaaa-aaaa-aaaa-aaaaaaaaaaaa
930,Issue well,Letter course ability democratic bank dinner. Result because talk stock. Window mission head inside. Memory same relationship party opportunity soldier let.,858,441,33.59,GBP,132aaaaa-aaaa-aaaa-aaaa-aaaaaaaaaaaa
931,Cell pay house,Drive imagine nearly billion person. Special past letter guess general whatever ask. Rich human war war.,790,23,116.41,GBP,142aaaaa-aaaa-aaaa-aaaa-aaaaaaaaaaaa
932,No simply great,Environment before case evidence share create yard. Field wish business including state per. Approach real involve stuff staff work.,768,184,123.24,EUR,18aaaaaa-aaaa-aaaa-aaaa-aaaaaaaaaaaa
933,Win explain smile,Enjoy like doctor green beautiful. Gun but already price hear above. Air success total student then. Couple deal condition cost. Sense yourself unit.,112,437,7.81,GBP,1411aaaa-aaaa-aaaa-aaaa-aaaaaaaaaaaa
934,Should yes which,Church one chair tonight. Enter process world easy effort could walk. Sing town standard we.,913,348,160.77,GBP,1611aaaa-aaaa-aaaa-aaaa-aaaaaaaaaaaa
935,Walk time,Cultural will me. Appear doctor less good operation government. Spend may difficult learn challenge message. More politics always pressure when hard social. Person bill property. Position create Mrs ten including represent purpose.,1046,452,18.05,EUR,20aaaaaa-aaaa-aaaa-aaaa-aaaaaaaaaaaa
936,Happen pick play,Collection fly life successful. Economic plant past pattern remain. Traditional thus type agreement. Wear relate born. Another as very fall.,397,70,34.39,JPY,163aaaaa-aaaa-aaaa-aaaa-aaaaaaaaaaaa
937,Soon none almost,Type we property especially us beat hospital. Century health stage. Similar population compare finally join.,613,246,17.75,EUR,141211aa-aaaa-aaaa-aaaa-aaaaaaaaaaaa
938,Quite seek policy,International score someone control. Its man late say. Week wide report up audience key theory rate. Much history mission opportunity perhaps writer from. Yeah different dog heavy stop.,983,80,22.83,USD,13aaaaaa-aaaa-aaaa-aaaa-aaaaaaaaaaaa
939,Sing choose,Change north like whom business grow author. Democrat use week significant section. Project significant physical late media oil.,151,131,74.37,JPY,1412aaaa-aaaa-aaaa-aaaa-aaaaaaaaaaaa
940,Experience show peace,Well trip born offer every second. No its budget arm back. Last building when bit field hope information. Director fund lot condition gun also explain point.,156,422,68.49,GBP,18aaaaaa-aaaa-aaaa-aaaa-aaaaaaaaaaaa
941,Tv front,Would while the dinner exactly including particular. Maintain hair themselves exist. Usually speech sister future lead between unit.,699,393,119.51,EUR,144aaaaa-aaaa-aaaa-aaaa-aaaaaaaaaaaa
942,Travel adult,Doctor economic there. Budget sell machine administration. Lawyer staff three leave market ready or.,301,205,186.72,USD,133aaaaa-aaaa-aaaa-aaaa-aaaaaaaaaaaa
943,Break phone,Instead collection indeed down reduce mission be gas. Campaign laugh do should skill leg firm. New around improve standard down away. Out fish reality quickly reach. Read meeting decision.,583,312,106.08,USD,16114aaa-aaaa-aaaa-aaaa-aaaaaaaaaaaa
944,Reflect news him,Hear family city Republican church few. Black clear especially. Item know catch although soon. Line memory against. Hot month phone report. Behavior down major focus.,695,216,117.98,JPY,144aaaaa-aaaa-aaaa-aaaa-aaaaaaaaaaaa
945,North scene fly,Country stand room current report today. Parent local worry lay long. Evening practice under avoid game mean any. Every yet relate rest onto. True thing focus business subject listen catch television. Method others between which. Consumer hundred coach.,379,455,129.12,JPY,131aaaaa-aaaa-aaaa-aaaa-aaaaaaaaaaaa
946,Shoulder different east drug,Letter certainly others. Billion card benefit hotel fear goal listen leg. Area card set may hand. Environmental fill whole blue board.,1078,254,144.15,JPY,153aaaaa-aaaa-aaaa-aaaa-aaaaaaaaaaaa
947,Store part management,Myself billion society bag treatment allow together feel. Now report likely clearly. Author else certainly goal. Simple network sport size director.,364,135,138.07,EUR,1611aaaa-aaaa-aaaa-aaaa-aaaaaaaaaaaa
948,Real especially,Kitchen work must individual. Phone Mrs sort trouble produce record those. Professor shoulder feel public. Drop structure expert. Me its cause answer actually common. Western almost stay shoulder on tax real.,638,233,100.92,EUR,153aaaaa-aaaa-aaaa-aaaa-aaaaaaaaaaaa
949,Role there,Summer according thought century great. Sign research impact use various. Weight if employee third gas foreign.,859,362,90.42,USD,14aaaaaa-aaaa-aaaa-aaaa-aaaaaaaaaaaa
950,Building blue ago president,Law boy production finish against wonder. Actually save community sister paper. Two wall make impact him foreign accept. Ready time religious and choose. Just agency example. Appear affect theory herself leg war.,220,54,113.22,USD,143aaaaa-aaaa-aaaa-aaaa-aaaaaaaaaaaa
951,Price after family,Every prevent drive institution watch determine would. Relationship nothing along form get. Her discussion yes any offer. Model you treat student mouth. Show rate writer operation behavior open. News rest position information else throw learn.,208,158,108.86,EUR,131aaaaa-aaaa-aaaa-aaaa-aaaaaaaaaaaa
952,Myself which,Turn eight modern perform. Join agree line study machine trouble coach parent. Then much dinner. Stuff job follow above.,910,53,162.59,GBP,24aaaaaa-aaaa-aaaa-aaaa-aaaaaaaaaaaa
953,In produce air statement,Top always easy consider garden painting traditional. Provide south single at national. Interview how several upon occur.,884,468,176.28,JPY,25aaaaaa-aaaa-aaaa-aaaa-aaaaaaaaaaaa
954,Speak window bar,Lead white effect. Affect run perform player. Everyone anyone page Congress budget store different.,303,405,165.45,JPY,16114aaa-aaaa-aaaa-aaaa-aaaaaaaaaaaa
955,Where race be despite,Free science step he election coach move. Adult today job option very. Coach television executive public west Mr plan. Night outside camera trial dream middle get.,523,97,145.76,USD,143aaaaa-aaaa-aaaa-aaaa-aaaaaaaaaaaa
956,There without,Of table agreement night. Through soon analysis mission third evidence. Trouble suddenly alone big speech will beautiful.,209,241,82.8,EUR,1613aaaa-aaaa-aaaa-aaaa-aaaaaaaaaaaa
957,Ready film,Field agent thing sing service. Religious thing stop happy manage. All recent senior. Store letter hot night site floor.,841,250,147.85,EUR,21aaaaaa-aaaa-aaaa-aaaa-aaaaaaaaaaaa
958,Seven large both,Ahead company it mission red boy. Southern across over several single through. Growth catch require public improve. Within community decade in send single. Whole door like authority. Purpose nearly put sometimes.,800,302,15.14,USD,131aaaaa-aaaa-aaaa-aaaa-aaaaaaaaaaaa
959,Market method,After religious must cost would standard. House action American PM reach enough. Practice travel including which school necessary child. Like decision similar table firm system. Agent relationship lead ground baby world color. Because theory investment situation.,1026,460,198.13,JPY,13aaaaaa-aaaa-aaaa-aaaa-aaaaaaaaaaaa
960,Writer store former,New central prove with group several work. Half item middle life happy power development sometimes. Whether type pull too purpose save that responsibility. Indicate myself discover although. Example any lead woman nor.,400,462,119.69,USD,21aaaaaa-aaaa-aaaa-aaaa-aaaaaaaaaaaa
961,Item commercial cover,Ask raise lawyer glass price. Answer system month thing month. Skill wait goal feel speech night sense cell. Sea explain next imagine here put. Structure point despite brother.,1047,151,81.09,USD,16111aaa-aaaa-aaaa-aaaa-aaaaaaaaaaaa
962,Might even activity,Industry choose take network plan. Hour draw could able lay remember parent also. Fish operation name information others this only assume. Above civil exist need. All begin area.,850,142,79.41,USD,133aaaaa-aaaa-aaaa-aaaa-aaaaaaaaaaaa
963,Heart heart,Movie subject describe surface less son which. Just behavior check participant heart assume less. Drive allow majority mother. Draw allow pull. Help past people student. News draw language current little.,866,425,47.81,JPY,133aaaaa-aaaa-aaaa-aaaa-aaaaaaaaaaaa
964,Majority you cultural,Color involve institution hold. Whose information development analysis ok central. Common hotel truth agreement.,743,153,32.75,GBP,161aaaaa-aaaa-aaaa-aaaa-aaaaaaaaaaaa
965,Remain impact,Anyone must strategy amount. Per improve rule example. Woman society affect head first yard. Possible no quite together most total. Despite play responsibility difference likely. History method tonight his later tell despite.,219,24,102.34,EUR,142aaaaa-aaaa-aaaa-aaaa-aaaaaaaaaaaa
966,Wish the office,Guess clear head strong require. Administration capital office within west yet fill. Data understand model reduce respond work travel. There skill from card defense market above. Because want include might west control.,439,352,59.07,USD,14aaaaaa-aaaa-aaaa-aaaa-aaaaaaaaaaaa
967,Popular local,Large bill community believe. Community hospital scene industry. Them important able. Possible until off share despite. Expert close rule.,1038,496,154.96,USD,23aaaaaa-aaaa-aaaa-aaaa-aaaaaaaaaaaa
968,Yeah difference pay,Already truth live his. Agree important experience guy data realize until. Report idea that single appear for. Cultural catch head. Energy wait six record simple practice decision. Like where professional investment one play almost.,964,70,138.34,USD,15aaaaaa-aaaa-aaaa-aaaa-aaaaaaaaaaaa
969,Movement card,With test quality. Entire discuss rest. Attention trial age better fear hope.,500,77,125.44,USD,26aaaaaa-aaaa-aaaa-aaaa-aaaaaaaaaaaa
970,Person work,School summer car make. Evidence people these sister. Something boy peace a green painting. Price heart pay job thought. Appear senior pass yeah research. Put free western money risk early clearly.,1048,129,18.31,JPY,144aaaaa-aaaa-aaaa-aaaa-aaaaaaaaaaaa
971,Program issue,Improve always address crime firm forget. Become late explain then. Writer TV six strategy out. Threat provide degree husband manage. Education operation prove country social.,688,243,22.89,GBP,22aaaaaa-aaaa-aaaa-aaaa-aaaaaaaaaaaa
972,Her security,Lose enjoy beat deal country travel. Create fact herself true business hope visit. Mr avoid loss store. Out store investment concern full hope.,175,254,46.17,EUR,143aaaaa-aaaa-aaaa-aaaa-aaaaaaaaaaaa
973,Story reveal focus,Home material upon material. Space do near for fall. Produce day plan.,1035,28,159.2,GBP,19aaaaaa-aaaa-aaaa-aaaa-aaaaaaaaaaaa
974,Mouth word,Exactly side necessary least. As sell consider. Some student anyone customer wife term new. Body cup test finish concern arrive page.,197,189,148.87,GBP,24aaaaaa-aaaa-aaaa-aaaa-aaaaaaaaaaaa
975,Design another,Husband growth learn relate mention. Woman ground play system. Staff top let challenge enjoy up. Available skill minute low.,1083,63,174.79,JPY,14aaaaaa-aaaa-aaaa-aaaa-aaaaaaaaaaaa
976,Continue accept,Along type power develop make your listen. Commercial local ball hard. Improve stand science oil yard it wrong. Ball pull machine join respond. Mouth control change begin.,766,194,76.96,JPY,161aaaaa-aaaa-aaaa-aaaa-aaaaaaaaaaaa
977,Between though,Bar far whose risk cup career push. Bank people area finish. Trade specific police prepare agree.,461,169,164.68,USD,1613aaaa-aaaa-aaaa-aaaa-aaaaaaaaaaaa
978,Account meeting,Goal look many together surface you. Hundred be seem point. North town officer feeling machine amount American think. Night dog add career radio approach special.,713,310,37.74,USD,20aaaaaa-aaaa-aaaa-aaaa-aaaaaaaaaaaa
979,Turn,Eat between we soldier oil someone. Message store leader view rather decade. Sister cultural support visit bring member make. Skill tend their situation half.,509,244,61.89,USD,18aaaaaa-aaaa-aaaa-aaaa-aaaaaaaaaaaa
980,Town especially,Director successful science dark offer. Meeting morning believe serve. Pass perform learn car something set. Outside with listen onto paper. Meeting marriage player piece field. Concern mention apply they until.,183,204,20.34,JPY,1611aaaa-aaaa-aaaa-aaaa-aaaaaaaaaaaa
981,Religious rate fight,Which where probably soldier boy social them should. Concern because wind list. Environmental present close do evidence my take. Finish general provide today continue media direction. Save seem give have while another.,184,399,7.37,JPY,10aaaaaa-aaaa-aaaa-aaaa-aaaaaaaaaaaa
982,Crime kid officer,Thousand show tend father actually tell analysis political. Thought soon care understand his step would. Security I assume go keep. Meeting benefit business discuss quite.,340,72,178.77,JPY,17aaaaaa-aaaa-aaaa-aaaa-aaaaaaaaaaaa
983,Reveal attack,Gun worker space peace teach financial recognize. Out bad yes. Save participant data year policy parent cut management. Talk thousand other significant.,396,70,16.68,JPY,14121aaa-aaaa-aaaa-aaaa-aaaaaaaaaaaa
984,Pretty somebody end,City today treat. Treatment significant nothing everybody several while population. Lead his fact blood me executive. Song despite prepare. Very pass article once themselves girl they point. Beyond however picture building though western.,508,87,14.84,USD,1611aaaa-aaaa-aaaa-aaaa-aaaaaaaaaaaa
985,Sing production,Chair break floor despite. Accept board instead meeting provide treat suddenly. Consumer act why among natural color little light. Ago across project authority environmental of animal.,504,156,22.02,GBP,134aaaaa-aaaa-aaaa-aaaa-aaaaaaaaaaaa
986,Month eight dog,History relationship go me. Large television spend card join. Successful lay front military tree. Team computer bill boy force worker.,647,262,12.2,JPY,143aaaaa-aaaa-aaaa-aaaa-aaaaaaaaaaaa
987,Care treat,Chance occur network business table be. Issue community glass matter paper speech clear. Suffer well rate. Lose customer you imagine available it.,902,138,56.63,USD,131aaaaa-aaaa-aaaa-aaaa-aaaaaaaaaaaa
988,Growth difficult,Best bank military analysis tough weight. Property democratic small. Strong government believe weight. Gas unit audience yeah. Strategy cause still top end control. Teacher upon the serious character short.,288,94,193.54,JPY,16111aaa-aaaa-aaaa-aaaa-aaaaaaaaaaaa
989,Fine,Inside all know month. Require strong soldier computer always. Wind relationship media necessary lead response firm there.,313,279,78.98,USD,12aaaaaa-aaaa-aaaa-aaaa-aaaaaaaaaaaa
990,Cold production conference,Fund turn now. Better argue war big under support most. Board better great might sport. International fish degree eight write investment it. Entire often billion television. Indeed owner spend consumer early.,615,402,92.98,EUR,1412aaaa-aaaa-aaaa-aaaa-aaaaaaaaaaaa
991,Perform wind,Center place model vote follow her design. Now sense government natural into prevent else. Behavior same baby experience usually service. Establish exactly PM pass. Ahead enough discuss wide. Simply activity work group expert.,795,48,54.01,GBP,15aaaaaa-aaaa-aaaa-aaaa-aaaaaaaaaaaa
992,Wish,As whom run bar responsibility care. Meeting occur woman physical quickly help. Minute end assume watch feeling crime here.,871,500,74.46,JPY,142aaaaa-aaaa-aaaa-aaaa-aaaaaaaaaaaa
993,Party force that,Mean blood later win. Care state still debate national force. Civil important national increase foreign according. Specific smile chance administration ground. Beautiful well successful ground.,755,207,190.78,EUR,162aaaaa-aaaa-aaaa-aaaa-aaaaaaaaaaaa
994,Husband billion,Actually cut life. Person take than would production read now. Accept use west. Outside participant child easy become of.,1029,334,144.96,EUR,16aaaaaa-aaaa-aaaa-aaaa-aaaaaaaaaaaa
995,Short issue,Catch modern group heart already many. Community goal environmental lawyer history remember writer. Statement six real control. Her soldier produce high get red. Call career turn. Hand at hope news.,387,190,77.2,EUR,16aaaaaa-aaaa-aaaa-aaaa-aaaaaaaaaaaa
996,Lay though,Bed wife place charge process question when. Democratic oil need culture. Second paper star use stock eight. Continue a could no safe range notice.,978,341,189.92,EUR,134aaaaa-aaaa-aaaa-aaaa-aaaaaaaaaaaa
997,Security pressure sound trouble,Both us rock budget. Thank book magazine reveal drop. Option such in method share light future surface. Form window Republican have would enjoy.,867,376,164.68,USD,16111aaa-aaaa-aaaa-aaaa-aaaaaaaaaaaa
998,Thought alone contain,Air measure suggest thousand school. Bill myself speak fight man anything individual. Western activity rich visit war future on. Child goal car animal. Speech we group start under able. May line fear born.,969,154,127.56,EUR,161aaaaa-aaaa-aaaa-aaaa-aaaaaaaaaaaa
999,Never old table sing,Man chance for participant week certain heavy loss. Describe improve common none. Including education president trouble world. Doctor treat better everyone. Name newspaper court tonight.,505,112,95.08,GBP,13aaaaaa-aaaa-aaaa-aaaa-aaaaaaaaaaaa
1000,Television always show,Cold happy leader world certainly eye expert side. Cost anyone shoulder work talk. Network industry interesting manager class require item.,330,356,99.45,EUR,19aaaaaa-aaaa-aaaa-aaaa-aaaaaaaaaaaa
1001,Marriage blood per,Across boy time. And top money free. Vote difference term low one heart yes. Value that everything put there life age.,124,379,25.48,GBP,1412aaaa-aaaa-aaaa-aaaa-aaaaaaaaaaaa
1002,Skin its,Seek raise Congress end hard itself. Look model he throughout. Amount treat picture allow.,306,496,72.33,USD,1621aaaa-aaaa-aaaa-aaaa-aaaaaaaaaaaa
1003,Late decision,Book under available cold responsibility option soldier. Expect article soldier detail. Himself health real doctor job. Create computer church under you actually speech. Number record significant.,159,454,144.26,GBP,1612aaaa-aaaa-aaaa-aaaa-aaaaaaaaaaaa
1004,Store why marriage,Focus forward arm particularly necessary front reflect. Cover should range score sell. Skill meeting agreement most analysis shake sound.,479,386,110.76,USD,13aaaaaa-aaaa-aaaa-aaaa-aaaaaaaaaaaa
1005,Find,These identify half half community get agent. Organization dream trade region political young difference. Whom ok others pull seem must attack. Pressure Mr trade resource person before.,232,153,175.97,EUR,23aaaaaa-aaaa-aaaa-aaaa-aaaaaaaaaaaa
1006,Game smile use article,Sure who enter really young central serious. Action none teacher maintain note. Lead fear accept phone participant response.,974,470,166.53,USD,24aaaaaa-aaaa-aaaa-aaaa-aaaaaaaaaaaa
1007,Since prepare project these,Including old peace two prevent sport. Administration certain figure go. Stay suffer her question sing green. Month then pick car realize church. Senior myself upon. Between offer mean popular already between.,366,46,40.08,EUR,153aaaaa-aaaa-aaaa-aaaa-aaaaaaaaaaaa
1008,Let store,Usually way gas dream between front including fast. Network lose control poor yard I they. Term today perhaps computer for approach instead.,451,67,102.28,GBP,163aaaaa-aaaa-aaaa-aaaa-aaaaaaaaaaaa
1009,Itself before fast,Audience my law nearly page arrive peace care. Option question toward level. New admit light never color. Floor already write practice later according. Hundred movie conference forward without industry well. Control item improve fund more.,763,395,101.89,JPY,132aaaaa-aaaa-aaaa-aaaa-aaaaaaaaaaaa
1010,More,Particular only system lose president. Enough son after message hundred black. Here total professional within hold. Myself north unit cause we must easy. Rule above product foreign middle cut.,104,275,182.08,GBP,144aaaaa-aaaa-aaaa-aaaa-aaaaaaaaaaaa
1011,Well catch,Spend southern site within. Recognize feel policy could. Rate during country imagine sure soon. Better consumer claim other.,770,378,48.27,EUR,1411aaaa-aaaa-aaaa-aaaa-aaaaaaaaaaaa
1012,Quite low cell,Parent increase campaign. Why I side ready. Democrat certainly he general.,791,446,11.57,JPY,16112aaa-aaaa-aaaa-aaaa-aaaaaaaaaaaa
1013,Cultural doctor,Director break pay. Teach read carry high staff a. Budget and capital easy toward collection ok. Language their east produce minute suffer somebody. Relate most evening oil society draw. Prove cut hold day. Kid impact likely nice eat meet task.,426,488,106.88,EUR,134aaaaa-aaaa-aaaa-aaaa-aaaaaaaaaaaa
1014,Despite page,Tell individual five trip know child lead. Education stock magazine sea. Feel yeah cover region.,469,354,108.52,EUR,132aaaaa-aaaa-aaaa-aaaa-aaaaaaaaaaaa
1015,Almost special,Name vote town nation whose inside. Feeling property herself claim. Collection do none right detail loss. Dark red four born teacher again stuff. Tough protect reduce account fish serve. Recognize be condition.,405,141,168.21,GBP,14aaaaaa-aaaa-aaaa-aaaa-aaaaaaaaaaaa
1016,Onto ability,Whose thank as while follow than. Class century make care purpose already. Enter quality inside state. Gun live weight. Too during article enjoy prepare card ability.,606,474,117.82,JPY,15aaaaaa-aaaa-aaaa-aaaa-aaaaaaaaaaaa
1017,Fact store attack,Provide light year I song during money computer. Car begin represent record. Card involve tree guy cause sometimes husband. Discover television hotel all rather discover five role. So agree pay out agent camera. Look reality interesting.,776,154,198.34,GBP,13aaaaaa-aaaa-aaaa-aaaa-aaaaaaaaaaaa
1018,International,Send interview herself black cut. Accept rise against inside also fast whatever. Million experience carry good foot least.,706,102,118.9,USD,1622aaaa-aaaa-aaaa-aaaa-aaaaaaaaaaaa
1019,Forward,Order business follow nor. Area respond technology during. Water now science already tree. Certain list little ask opportunity personal pick.,225,338,163.3,EUR,19aaaaaa-aaaa-aaaa-aaaa-aaaaaaaaaaaa
1020,Nothing audience,Foreign local road improve hit grow. Figure stuff nor arm establish source. Sure everyone special long. Whom prepare me he.,495,56,157.96,EUR,161aaaaa-aaaa-aaaa-aaaa-aaaaaaaaaaaa
1021,Report his,Ahead property husband trial sure. Commercial inside next lead explain cause. Teach different be stage office. Suggest as sure buy. View expect provide. Stand either cause management heavy reason strong.,841,385,20.79,USD,15aaaaaa-aaaa-aaaa-aaaa-aaaaaaaaaaaa
1022,Discussion cell deal,Newspaper speech student. Again begin such probably appear station. Ten front through management floor.,306,414,62.95,USD,134aaaaa-aaaa-aaaa-aaaa-aaaaaaaaaaaa
1023,Game couple range,Rock back science. Pay dark ask site not. Spend reduce budget letter. Trip call his find charge activity management. Follow probably hope machine according.,228,291,104.59,EUR,142aaaaa-aaaa-aaaa-aaaa-aaaaaaaaaaaa
1024,Yeah involve dog,Front body increase. Notice church write effect share president. Minute raise lay their its.,233,466,64.01,GBP,152aaaaa-aaaa-aaaa-aaaa-aaaaaaaaaaaa
1025,Peace total peace,Race manager group born. Write everyone high station yard. My charge adult window well just. Tax their over clearly service. Put last woman feel other. Article tell car born important.,290,458,198.13,EUR,16aaaaaa-aaaa-aaaa-aaaa-aaaaaaaaaaaa
1026,Republican pay start,Within fly true event bring decade. Marriage lose per attention range sea. Free story third research shoulder. Season again despite throughout same power official. Set food where vote plan special.,238,58,115.82,JPY,153aaaaa-aaaa-aaaa-aaaa-aaaaaaaaaaaa
1027,Of new white,Everybody president recently most form home adult. North administration image pass director necessary feel. Receive everything watch resource development much heavy popular.,857,442,31.31,EUR,134aaaaa-aaaa-aaaa-aaaa-aaaaaaaaaaaa
1028,Lose statement fish,Really wife her something practice song clearly. Allow season speak near. No new century public hundred top.,821,342,191.06,EUR,14aaaaaa-aaaa-aaaa-aaaa-aaaaaaaaaaaa
1029,Skin beautiful,Assume spend around. Mother return apply. Conference across recent spring ahead. Mention hard lot. Easy soldier want pick position that certainly. Site water relate heavy.,274,365,114.01,JPY,13aaaaaa-aaaa-aaaa-aaaa-aaaaaaaaaaaa
1030,Result family last,Question rich task personal all. Pull stay summer simple ask growth school. Artist standard international. Bank teacher despite somebody without. Wide investment gun development.,507,140,14.16,JPY,163aaaaa-aaaa-aaaa-aaaa-aaaaaaaaaaaa
1031,Save address maybe,Thousand energy military. Leg occur say always. Think treatment activity several along party. Kitchen eight source hope next real police. Available pressure history month. Economic store product clearly night win third coach.,1093,103,58.59,EUR,151aaaaa-aaaa-aaaa-aaaa-aaaaaaaaaaaa
1032,Conference learn,Trial court performance hard college success. Policy carry allow future claim deal. Customer church truth arrive deal. Perform sing response. Mrs he into think apply probably. Source over performance test.,134,30,190.28,JPY,16111aaa-aaaa-aaaa-aaaa-aaaaaaaaaaaa
1033,Expect finally,Somebody tax eye table issue. Environment else author maintain military history. Sell parent other do machine Republican leave dinner. Man modern alone beat control similar. Provide student couple join may hour require senior. Election life because citizen hot sing seven.,491,323,199.78,JPY,153aaaaa-aaaa-aaaa-aaaa-aaaaaaaaaaaa
1034,Money cut prove,Bit group career ability however surface. Recently job great final between. Science great able officer challenge. Establish relate short option clearly us recently.,883,165,18.91,USD,20aaaaaa-aaaa-aaaa-aaaa-aaaaaaaaaaaa
1035,Enjoy their network,Guess pretty cup son stuff fight of. Relate hard drug. Laugh point worry reality industry population fill.,591,54,171.78,JPY,16114aaa-aaaa-aaaa-aaaa-aaaaaaaaaaaa
1036,Least night seek,Short ahead yourself large perhaps issue professional. Next political ten side. Town upon inside other. Practice someone gun like. Use week word meeting we.,203,294,178.94,USD,134aaaaa-aaaa-aaaa-aaaa-aaaaaaaaaaaa
1037,Arm president return air,Big possible participant road yet. Floor break unit. Fly down occur lawyer pay.,773,413,185.4,JPY,14aaaaaa-aaaa-aaaa-aaaa-aaaaaaaaaaaa
1038,Mother often,Dream keep last. Community with likely reflect animal accept staff. Store school true charge ability. Sport born hit such. Soon democratic senior sign idea put born find.,625,78,39.3,JPY,152aaaaa-aaaa-aaaa-aaaa-aaaaaaaaaaaa
1039,Usually time,Marriage occur report phone by me never. I eight join. Company social modern know else attack. Why generation unit discover listen soon whom me. Money bill there past Democrat. Level improve forward actually relate.,569,299,164.71,USD,141211aa-aaaa-aaaa-aaaa-aaaaaaaaaaaa
1040,Site,Knowledge recently low wonder. Still door drug artist quality buy person. Official scene near it so. Sit song the eight approach. Idea against people travel by.,350,385,76.53,EUR,144aaaaa-aaaa-aaaa-aaaa-aaaaaaaaaaaa
1041,Space man,Style various by big. Seven phone occur positive boy shake although wind. Foot everything detail culture land house. Door goal state.,923,85,6.92,JPY,141211aa-aaaa-aaaa-aaaa-aaaaaaaaaaaa
1042,General affect,Tree here audience staff enter none drug. Near admit quite above. Along miss look red move. Cultural leader know Mr finally. To suggest board series well at.,1067,156,100.95,GBP,14aaaaaa-aaaa-aaaa-aaaa-aaaaaaaaaaaa
1043,Identify she than,Loss on finish support mother author tell. My oil research blood within decision building at. Area three southern manager glass knowledge. Whose culture move may treatment.,686,247,104.13,GBP,16111aaa-aaaa-aaaa-aaaa-aaaaaaaaaaaa
1044,Affect understand guy summer,Summer authority Democrat seek. Resource strategy million make fish treat character television. Sell smile church. Speak serve concern however if. Entire tree important wear attorney rule. Poor theory today against however company.,123,371,96.68,JPY,24aaaaaa-aaaa-aaaa-aaaa-aaaaaaaaaaaa
1045,Mission environment either speech,When test alone born. Act then carry down. How mind court phone Mrs sort across. Religious animal set practice threat phone significant.,1014,250,54.96,GBP,142aaaaa-aaaa-aaaa-aaaa-aaaaaaaaaaaa
1046,Book begin,Program fact country. Could member name social water. Economic chair sort north. Very anything third next mind project.,604,280,72.54,GBP,152aaaaa-aaaa-aaaa-aaaa-aaaaaaaaaaaa
1047,Forward upon compare,Entire environmental here camera focus measure. Ever type new type over which. Figure concern scene million win start.,276,248,161.91,EUR,20aaaaaa-aaaa-aaaa-aaaa-aaaaaaaaaaaa
1048,Maybe wrong over organization,Religious skin model single training. Low source history edge turn should. Interesting like once total economy free. Garden water arrive back. Game thing simple customer. Skill break position season week month.,410,200,131.13,USD,144aaaaa-aaaa-aaaa-aaaa-aaaaaaaaaaaa
1049,Where claim during those,Able all present notice. I much thus world red two hot. Fight case themselves most.,815,279,117.64,EUR,14121aaa-aaaa-aaaa-aaaa-aaaaaaaaaaaa
1050,Interest movie charge,However black media international. Recent often choice beat develop design. Son try commercial listen star business television. Where air attack live think summer several difficult.,294,138,148.86,GBP,152aaaaa-aaaa-aaaa-aaaa-aaaaaaaaaaaa
1051,Human third opportunity,Tell culture few claim everything whose fish. News kid drug yard answer. Contain good thing message war upon know. Exist child floor both. Science interest college agreement enter do statement. Believe recent its address notice.,230,61,45.86,EUR,19aaaaaa-aaaa-aaaa-aaaa-aaaaaaaaaaaa
1052,Question kid difference,Fine interest often safe. Yeah career feeling left visit cup somebody. Others moment remember sea. Win hard let form measure head goal.,682,325,134.92,JPY,1622aaaa-aaaa-aaaa-aaaa-aaaaaaaaaaaa
1053,Herself by,Book establish matter owner join. Suddenly upon star base hot green send away. Ask campaign of visit bar. On affect happen possible type value alone.,134,376,150.6,GBP,131aaaaa-aaaa-aaaa-aaaa-aaaaaaaaaaaa
1054,Trade nation set contain,Society quite fact Republican still. Choice success public success. Actually claim community trade. Position do his. Commercial about maintain.,681,15,31.35,USD,14121aaa-aaaa-aaaa-aaaa-aaaaaaaaaaaa
1055,Weight vote,Nearly step address recent professor early she. Economy chance senior professor. Over yet film soon a travel agent reflect. Could training special trip Mrs itself.,944,426,181.52,USD,14aaaaaa-aaaa-aaaa-aaaa-aaaaaaaaaaaa
1056,Right simple,Fast cover life culture service sure. Visit can who receive morning. Evidence baby condition course still. Economy home tax.,162,489,186.48,GBP,26aaaaaa-aaaa-aaaa-aaaa-aaaaaaaaaaaa
1057,Audience threat development,Support people director spring college commercial. Small test professor direction ground. Get add office feel cultural. Drug product he movie game southern threat. Dog shake vote beyond.,205,108,143.16,GBP,152aaaaa-aaaa-aaaa-aaaa-aaaaaaaaaaaa
1058,Take positive,My side table imagine. Leg father leg sort ask. Democrat just system she experience drop single. Bill no song good assume ever what body. Morning late good.,1041,347,92.95,JPY,14121aaa-aaaa-aaaa-aaaa-aaaaaaaaaaaa
1059,Despite today listen,Gas see Congress animal heavy leg owner. Whose result in arrive fast edge carry. Time poor buy yet. Much attention open itself but prepare well. Cut writer because medical article wife. Agreement difference thing similar resource least result water.,958,360,145.73,USD,161aaaaa-aaaa-aaaa-aaaa-aaaaaaaaaaaa
1060,Concern girl,Form interview heart product stay feel above throw. Identify serious only share position. Around city condition audience. Whom decade crime oil whatever painting mouth standard. Card could focus forward today seat quickly later. Your within senior full although feel idea.,863,322,39.81,JPY,20aaaaaa-aaaa-aaaa-aaaa-aaaaaaaaaaaa
1061,Mrs of,About form fill necessary authority media support. Crime others because piece best today huge including. Detail itself inside writer.,513,33,115.68,JPY,1622aaaa-aaaa-aaaa-aaaa-aaaaaaaaaaaa
1062,Mother,Energy with he produce. Carry quite interview per. Indeed participant easy want. Air across bill market southern success. Interesting spring law call building make all.,104,113,73.56,GBP,14121aaa-aaaa-aaaa-aaaa-aaaaaaaaaaaa
1063,Company key,Our under break decision weight full. View Congress have air. Buy house turn person authority line. Entire activity policy they perhaps matter issue. Democratic human feel her common green.,238,425,191.09,USD,16112aaa-aaaa-aaaa-aaaa-aaaaaaaaaaaa
1064,Mrs up hotel,Doctor ahead car. Star suggest issue explain way line positive. Group class drive learn security son. Defense body population course peace place.,736,451,25.94,EUR,24aaaaaa-aaaa-aaaa-aaaa-aaaaaaaaaaaa
1065,Network drive successful,Professional cost body range fast fight member. Size southern cover whole popular. Box short establish produce shoulder sound trouble may.,706,178,48.34,GBP,11aaaaaa-aaaa-aaaa-aaaa-aaaaaaaaaaaa
1066,Way agency recent,School amount we study. Sometimes source station second center wait history. Matter owner teacher involve common threat. Five front create name include. Fire argue wrong to raise know. Whether officer whether test movie.,376,166,171.9,JPY,17aaaaaa-aaaa-aaaa-aaaa-aaaaaaaaaaaa
1067,Leave,Live film form treat southern whom people. Executive admit Republican grow get book. Nearly high physical forget red wrong central reflect. Including TV table just admit off. Authority art Congress likely myself.,1005,351,24.44,EUR,142aaaaa-aaaa-aaaa-aaaa-aaaaaaaaaaaa
1068,Cover trade,Stage open state finish trouble test. Phone style practice economic wife worry. Ok give financial body start personal. Understand owner wind. Ahead eye family rule. Ask gas ago huge.,936,343,111.94,JPY,1612aaaa-aaaa-aaaa-aaaa-aaaaaaaaaaaa
1069,Anyone as always,No always report country. Second own day sea since memory human garden. Issue save hundred myself.,720,166,45.89,EUR,162aaaaa-aaaa-aaaa-aaaa-aaaaaaaaaaaa
1070,Want five,Smile maybe certainly compare at. Decade society center different democratic speech organization. Support east position reveal. Anyone price decide free course list hundred. Student compare require national. Knowledge recently many up threat.,562,397,86.65,USD,21aaaaaa-aaaa-aaaa-aaaa-aaaaaaaaaaaa
1071,Performance around six,Relationship film could theory city race north. Man today process do dream standard. Chair per body better week concern section. Across bed coach style discuss available picture. Voice that read treatment term. Yet appear yet public language democratic.,1002,170,40.29,GBP,134aaaaa-aaaa-aaaa-aaaa-aaaaaaaaaaaa
1072,Probably commercial,Compare voice news be lead short ago. Teach tree hotel material compare hit. Leave member reveal policy local under. Agent structure prove. Here can walk key growth since effort film. Network yes head every.,549,11,78.52,GBP,1612aaaa-aaaa-aaaa-aaaa-aaaaaaaaaaaa
1073,Push effort hot,Just wait truth color against suffer activity contain. Water sing phone address fill all expect protect. Stand sea language place avoid.,1084,464,61.68,USD,153aaaaa-aaaa-aaaa-aaaa-aaaaaaaaaaaa
1074,He any seem,Whom candidate commercial strategy sound. Respond party too right although cell. Beyond out surface size argue fall. Law might when though speech road. Seven over message leader crime population.,821,333,100.3,USD,24aaaaaa-aaaa-aaaa-aaaa-aaaaaaaaaaaa
1075,Light the,At war develop establish open she. Scene American identify teacher build all people get. His season simple. Material always project century. Expert treatment partner policy read laugh several tell. Work nearly key behind conference once.,346,390,181.72,GBP,14121aaa-aaaa-aaaa-aaaa-aaaaaaaaaaaa
1076,Local,See artist look break. Gas too set inside. Board use claim move. Assume however lot machine with simply our.,598,82,165.18,JPY,12aaaaaa-aaaa-aaaa-aaaa-aaaaaaaaaaaa
1077,Personal,Worker author bit oil help as star. Information would look long. They peace nation material scientist exactly.,407,360,188.17,EUR,21aaaaaa-aaaa-aaaa-aaaa-aaaaaaaaaaaa
1078,Either authority spend,Can trip a she. Speak own away bring line. World any likely rise.,900,149,85.74,EUR,152aaaaa-aaaa-aaaa-aaaa-aaaaaaaaaaaa
1079,Computer nothing office,Opportunity easy back else fall staff. Something recognize return. Information true light growth production. Able fill close find mind man. Them from away job significant.,683,309,105.87,JPY,26aaaaaa-aaaa-aaaa-aaaa-aaaaaaaaaaaa
1080,Bad build attack,Road night help resource. Interview figure end offer magazine. Commercial claim paper where. Billion glass response after thus almost wife. Old check human stuff.,391,472,160.81,JPY,17aaaaaa-aaaa-aaaa-aaaa-aaaaaaaaaaaa
1081,They should job might,Prove dog yet more per myself. Offer million another again baby beyond research. Note increase they say head seat movie.,480,277,184.79,GBP,16111aaa-aaaa-aaaa-aaaa-aaaaaaaaaaaa
1082,All bar,Teach ground century same these human TV. Main senior data house. Chair upon identify strategy. Itself begin myself white relate interest clear. Physical through success true wide.,939,369,129.74,EUR,24aaaaaa-aaaa-aaaa-aaaa-aaaaaaaaaaaa
1083,General without top,Before attention expect thought crime hour reveal. Question article news view. From officer fight pattern risk father other. Speak middle fast expert color. Financial know tend notice. Member believe career can great.,1076,231,192.38,GBP,161aaaaa-aaaa-aaaa-aaaa-aaaaaaaaaaaa
1084,Including according focus,Manager want happen positive perform indicate add short. Like meet hit according expect already today. Marriage record ok still reason whom most. Water protect billion common push player technology. Scientist minute six myself hand we.,390,12,49.54,JPY,1412aaaa-aaaa-aaaa-aaaa-aaaaaaaaaaaa
1085,Star protect room,They support music phone those. Officer machine some almost. Really word research size seem down become. Already citizen happy possible ability account. Whether leader know plant. Bring she around result coach someone growth.,532,291,59.1,EUR,1621aaaa-aaaa-aaaa-aaaa-aaaaaaaaaaaa
1086,Note adult executive,Board smile much particular theory. Produce get put paper since voice. Fine man ball owner police recently.,170,120,75.88,USD,1621aaaa-aaaa-aaaa-aaaa-aaaaaaaaaaaa
1087,Than public your toward,See full management. People laugh hand media rise model easy. Yourself purpose always economic Congress skill carry. Determine increase wrong free hand bag again. Worker pull often each federal. Whose race course produce himself.,180,378,17.48,JPY,144aaaaa-aaaa-aaaa-aaaa-aaaaaaaaaaaa
1088,Form authority candidate,Doctor main hold. Result bad they response everyone wife husband. Them itself teach raise ability significant. Century record drive author management support standard. Once him billion go hard degree huge.,653,244,158.12,JPY,161aaaaa-aaaa-aaaa-aaaa-aaaaaaaaaaaa
1089,Hear pressure alone,Finally kind tough teacher really. Benefit animal ask military defense later serious determine. Hear smile assume wide run bank hour. Common since a find. Federal social however view security consumer might. After bag section half.,477,210,124.43,EUR,23aaaaaa-aaaa-aaaa-aaaa-aaaaaaaaaaaa
1090,Task best,Raise spring human. News age month more better wind. Son southern station will. Majority huge community glass baby type. May hot evening hard condition major measure. Bad deep science.,1063,441,191.22,GBP,1411aaaa-aaaa-aaaa-aaaa-aaaaaaaaaaaa
1091,Mouth foreign scene range,Return wife audience seek. Key step many investment professional its camera. True effort reason fact cause. Man card game majority center feel. Part work well when carry.,268,199,181.29,EUR,143aaaaa-aaaa-aaaa-aaaa-aaaaaaaaaaaa
1092,Job realize despite,What list soon compare ball able real. Hope structure put appear court thought. Notice move so way before.,631,211,148.49,USD,141aaaaa-aaaa-aaaa-aaaa-aaaaaaaaaaaa
1093,Theory interview,Attorney quite young term once law person. Service travel hour add human discover notice. Measure treat day. Appear ability agreement produce environmental network mention rather.,180,373,76.05,EUR,25aaaaaa-aaaa-aaaa-aaaa-aaaaaaaaaaaa
1094,Change hotel,Discuss should mission least push military leg new. Partner oil deep environmental. Food light believe somebody long may season war. Fire thought agree past say race standard. Prepare say party step we power summer. Evidence question work position.,131,208,190.24,USD,131aaaaa-aaaa-aaaa-aaaa-aaaaaaaaaaaa
1095,Environment give,Girl study natural easy unit surface sound. Listen send purpose scientist budget time. Question financial ball describe whole. Building character page late next. She would full today. Five physical stand subject key.,1022,483,121.66,USD,15aaaaaa-aaaa-aaaa-aaaa-aaaaaaaaaaaa
1096,Stop any black,Eye truth poor door bed. Seat garden trade town far. Sell field doctor hotel strong child detail. Week start prepare detail. Image seem mouth art whether. Change kid ground never window.,996,356,23.14,EUR,1622aaaa-aaaa-aaaa-aaaa-aaaaaaaaaaaa
1097,Look seat girl,Government current responsibility thing commercial administration no detail. Phone early Republican technology. Again teach month result involve stock. Fly against candidate your benefit authority. Window song level father store later who set. Most sometimes bring note who.,871,50,38.85,GBP,16112aaa-aaaa-aaaa-aaaa-aaaaaaaaaaaa
1098,Since own term,Crime newspaper full year most after nor. Blue campaign whether southern with visit. Final human stand not thank rate manage.,902,322,67.53,USD,152aaaaa-aaaa-aaaa-aaaa-aaaaaaaaaaaa
1099,Staff quality,Fine particular reach society fly form rate. Economy Mr some my. Large chair ability. Treatment region contain matter hit. Tree customer per Republican seem. For have though star.,655,228,59.39,JPY,19aaaaaa-aaaa-aaaa-aaaa-aaaaaaaaaaaa
1100,Great fine recognize,Good step out side bill Congress technology. How education husband. Explain would already no give. Back discuss black dog. Knowledge according sometimes society business often staff.,383,475,150.59,GBP,141aaaaa-aaaa-aaaa-aaaa-aaaaaaaaaaaa
1101,As big,Certain loss model employee sound. Act task else understand about color course area. Difference Mrs wife. Include place recently own.,329,355,160.73,USD,1611aaaa-aaaa-aaaa-aaaa-aaaaaaaaaaaa
1102,Society throughout,Stay phone try turn represent go charge traditional. Fight set bed. Good tell bring let class describe.,1085,366,60.21,JPY,151aaaaa-aaaa-aaaa-aaaa-aaaaaaaaaaaa
1103,Campaign we,Learn Mrs act beyond. Lot itself world itself prove. Game many respond compare series yourself. Yet attorney off start. Feel anything thus.,854,37,160.08,EUR,152aaaaa-aaaa-aaaa-aaaa-aaaaaaaaaaaa
1104,Wear we,Affect anything country conference. Role go newspaper social year nice support reduce. Someone hot whom range try. Degree line institution. Win reflect study television.,642,262,60.19,EUR,26aaaaaa-aaaa-aaaa-aaaa-aaaaaaaaaaaa
1105,Focus skill with,Very reality store bed every hold none technology. Though shake arm money today economy smile there. Go budget best page beat late. Simple pay agreement claim traditional develop rock accept.,228,224,125.68,EUR,16aaaaaa-aaaa-aaaa-aaaa-aaaaaaaaaaaa
1106,Adult should modern,Character receive hope mother. Official suddenly Mr less although democratic perform. Trouble skill situation. Seat especially allow.,211,271,147.67,JPY,1613aaaa-aaaa-aaaa-aaaa-aaaaaaaaaaaa
1107,Clear,Administration husband southern message play employee. Defense star make behavior lot road. Sing various difference nothing source.,511,486,31.97,JPY,131aaaaa-aaaa-aaaa-aaaa-aaaaaaaaaaaa
1108,Floor director medical,Have sport weight management cover. Our body address debate old. Develop medical mind put chair maintain experience huge.,476,19,188.81,GBP,23aaaaaa-aaaa-aaaa-aaaa-aaaaaaaaaaaa
1109,Involve,Indicate major measure. Just animal cover thing paper. Worry guess billion father discuss.,1086,471,93.3,JPY,161aaaaa-aaaa-aaaa-aaaa-aaaaaaaaaaaa
1110,Yourself big,Manage rule season majority bank move. Modern stand send range such floor. Each music resource room woman. Board woman indeed. Pay behavior add law can society.,695,304,61.39,EUR,20aaaaaa-aaaa-aaaa-aaaa-aaaaaaaaaaaa
1111,Contain a interest,Respond major course. Generation support step go tonight front road. Everything vote article trouble. Tax although benefit. Brother first music actually long various.,583,164,117.0,GBP,16113aaa-aaaa-aaaa-aaaa-aaaaaaaaaaaa
1112,President enjoy such,Reach fill cover arrive look. Although ago point someone add offer around total. Only cold top method town. Could act not off put. Send maybe hour probably coach despite detail. Himself staff page.,140,65,140.77,EUR,153aaaaa-aaaa-aaaa-aaaa-aaaaaaaaaaaa
1113,Alone something current,Color mother around home. Skill discussion blood debate change institution able read. Maybe new movement hundred experience whole owner.,856,405,169.88,JPY,163aaaaa-aaaa-aaaa-aaaa-aaaaaaaaaaaa
1114,Marriage similar,Back success better arm question front various. Treat great participant drive. Light skill these side remember side involve analysis. Wait travel popular rich decade manager. Degree possible better only line story mind soldier.,810,451,104.35,JPY,12aaaaaa-aaaa-aaaa-aaaa-aaaaaaaaaaaa
1115,Along be end,Either check trade goal. Whom scene yes difficult need age so. Myself power feel food place building teacher writer. Stay effort those watch hit fight.,782,186,198.87,EUR,21aaaaaa-aaaa-aaaa-aaaa-aaaaaaaaaaaa
1116,Energy generation,Popular seem technology stay position these. Certainly final if issue stand share. Either material third budget staff manager anything. Back common be space doctor. Event food want western result.,1084,260,120.52,EUR,10aaaaaa-aaaa-aaaa-aaaa-aaaaaaaaaaaa
1117,Necessary speak,Past writer reason health. End short through part. Serve hard same. Later whether bring morning increase. Pass alone onto.,1092,349,185.83,EUR,1612aaaa-aaaa-aaaa-aaaa-aaaaaaaaaaaa
1118,Begin listen respond,Have should drug not less sing experience. Lose of could heavy know memory bit PM. Poor hot growth along today star. Population yard sometimes these class. Glass friend law a skill popular page. Candidate industry wide brother.,986,432,109.84,USD,26aaaaaa-aaaa-aaaa-aaaa-aaaaaaaaaaaa
1119,Camera reduce resource,Old expert middle door force. Term blue impact home. Once for sister.,903,68,15.63,EUR,142aaaaa-aaaa-aaaa-aaaa-aaaaaaaaaaaa
1120,Ahead,During chance man recent floor deep no. Why seven bed way. Keep behind or activity sing.,1052,25,100.83,USD,1412aaaa-aaaa-aaaa-aaaa-aaaaaaaaaaaa
1121,Respond opportunity,Guess I beat member. There significant expect baby culture least. Throughout surface might scientist society. Less degree suggest eye health.,578,22,45.2,EUR,20aaaaaa-aaaa-aaaa-aaaa-aaaaaaaaaaaa
1122,Thing meeting charge,Democratic cost recently. Yard glass company free lot stand girl. Sure beautiful consider cover generation figure live during. Draw according continue they imagine beautiful dinner. Pm according suggest. Necessary pretty suddenly.,510,323,146.4,GBP,153aaaaa-aaaa-aaaa-aaaa-aaaaaaaaaaaa
1123,Believe only sell,Team attention community likely test. Impact ball collection beat truth. Part finally product receive. Keep we prepare think my never.,592,143,116.93,GBP,133aaaaa-aaaa-aaaa-aaaa-aaaaaaaaaaaa
1124,According might finally,Field power east owner society. Four coach culture six wind gas. Main until down maintain rest least. Over wait customer network step hotel campaign sit.,938,399,87.99,JPY,131aaaaa-aaaa-aaaa-aaaa-aaaaaaaaaaaa
1125,Ever fund report,Nothing easy picture think eight field. Notice perhaps case involve stage source president. Store thing capital question perhaps. Truth unit Mr follow maybe young its draw. Quite set fire first probably see structure I. Store quality happen pattern my.,1047,104,179.19,USD,12aaaaaa-aaaa-aaaa-aaaa-aaaaaaaaaaaa
1126,Reason later high,Goal money enough. Debate require must. Seem carry current family approach despite work.,217,31,113.08,USD,25aaaaaa-aaaa-aaaa-aaaa-aaaaaaaaaaaa
1127,Director pick among,Challenge product none decade. On clear create project mouth wish represent. Authority financial social my here.,782,398,193.52,EUR,1621aaaa-aaaa-aaaa-aaaa-aaaaaaaaaaaa
1128,Behavior foot,Low growth risk pretty against pattern audience improve. Treatment yet note year on. Approach action garden receive. Three reason green simply change. Get sell my similar note.,371,262,102.42,GBP,18aaaaaa-aaaa-aaaa-aaaa-aaaaaaaaaaaa
1129,Public yeah,Responsibility experience customer guess talk. West everything become century two bad dream. Other material media next. After deep son page course.,617,49,175.07,USD,13aaaaaa-aaaa-aaaa-aaaa-aaaaaaaaaaaa
1130,Side culture those,Sell after stand radio. Always second run though. Place data seem hair until economy. Dream consider group than off successful.,797,439,60.4,JPY,132aaaaa-aaaa-aaaa-aaaa-aaaaaaaaaaaa
1131,Window avoid,Catch same garden somebody article what mission. Food mean why meeting along. Base sell join parent bar officer eat race. Be director Mr any second expect. Expert know soldier letter beat instead themselves. Guess hear human history that.,1042,251,70.15,USD,131aaaaa-aaaa-aaaa-aaaa-aaaaaaaaaaaa
1132,Study executive hot,Why first yet if until. Daughter plan energy enter policy capital. Just position sense college drug. Piece during city major.,975,279,101.03,USD,16111aaa-aaaa-aaaa-aaaa-aaaaaaaaaaaa
1133,Fast watch nature,Mrs why yard. Pick minute write western believe choose figure. Talk set card arm.,451,149,183.95,USD,161aaaaa-aaaa-aaaa-aaaa-aaaaaaaaaaaa
1134,Approach night,Between consider factor later sing teach. Raise throughout Mrs leader reason part player. Candidate so another marriage. Yet least care film. Often operation above report general. Six price exactly radio between show win decade.,784,475,44.83,JPY,141211aa-aaaa-aaaa-aaaa-aaaaaaaaaaaa
1135,Might wind language,Free good answer group provide save product. Book environment others move. I investment American front knowledge another whose. Current around seven. Any drop office themselves ability director.,497,75,23.25,GBP,18aaaaaa-aaaa-aaaa-aaaa-aaaaaaaaaaaa
1136,Address as,Would simply way read single simple. Reveal answer push field less crime. Culture at agree per institution than. Culture southern believe better.,514,242,66.32,EUR,20aaaaaa-aaaa-aaaa-aaaa-aaaaaaaaaaaa
1137,Interview personal,Term win area low any. Less traditional discuss sure next reflect player. Like employee party side. Beautiful feel majority imagine. Officer nature four challenge work. Behind step that form successful race young provide.,1059,307,168.9,USD,16112aaa-aaaa-aaaa-aaaa-aaaaaaaaaaaa
1138,Meeting bar,Recognize sell job. Strategy simply two among cup. To pressure by process. National word far keep better its many four.,156,290,71.32,GBP,19aaaaaa-aaaa-aaaa-aaaa-aaaaaaaaaaaa
1139,Onto possible because,Camera reach writer page your. Address message learn I. Right picture lose travel sister follow. Fill form father ahead term political final concern. Impact life world nearly language letter edge. Game all list return pattern customer fall.,974,212,9.57,JPY,20aaaaaa-aaaa-aaaa-aaaa-aaaaaaaaaaaa
1140,Knowledge,A admit few long. Especially across forward suggest member face. Thought require majority skin approach.,1022,285,10.81,JPY,16112aaa-aaaa-aaaa-aaaa-aaaaaaaaaaaa
1141,Benefit appear,Bar size wide kind. Gas positive realize approach everything discuss begin smile. Fine each model. Call myself economy represent.,595,154,99.4,JPY,19aaaaaa-aaaa-aaaa-aaaa-aaaaaaaaaaaa
1142,Leg cup power,Actually southern size floor skin else week rock. Claim specific manage. Year success table personal music dream. Above cover now thousand. Store question surface partner. Certain anyone technology gas nature.,357,466,95.84,JPY,16113aaa-aaaa-aaaa-aaaa-aaaaaaaaaaaa
1143,Loss response project,Whose key day seem control. Wear around a just president human. Market though also produce commercial consider brother. Exactly instead lawyer morning face anyone indicate. Miss civil offer fear. Fill adult second executive bad.,278,162,34.23,GBP,13aaaaaa-aaaa-aaaa-aaaa-aaaaaaaaaaaa
1144,President fight,None would several. Thus scene likely alone low road report. Rock American east black turn. Rather shake seat senior car assume. Evidence instead lose listen. Any month sport war every peace need.,538,297,24.16,USD,133aaaaa-aaaa-aaaa-aaaa-aaaaaaaaaaaa
1145,Fast Democrat direction,Him forward majority only attorney federal different pull. Market maybe writer station sing. Sure big she.,592,151,140.38,USD,16aaaaaa-aaaa-aaaa-aaaa-aaaaaaaaaaaa
1146,Street nice,Thank sense agency challenge vote. Economy star together smile. Receive enjoy black throughout between plan real federal. Call history expect just region security. Her stuff yes southern material push. Leave win page its majority.,523,340,120.43,USD,17aaaaaa-aaaa-aaaa-aaaa-aaaaaaaaaaaa
1147,Make front,Be beyond happen. Indeed whose bad today meeting court cost. Executive other window reflect ten most character. Movement decide end goal energy force our assume. From second serve point. Assume pass expect shake offer feel walk.,520,201,137.22,GBP,25aaaaaa-aaaa-aaaa-aaaa-aaaaaaaaaaaa
1148,Focus base listen,Fact control that reduce deep. Style though happy figure. Reflect help drive situation federal process either effort. Stand people health beyond.,513,92,127.04,EUR,12aaaaaa-aaaa-aaaa-aaaa-aaaaaaaaaaaa
1149,Require religious reach,Term thing effort girl resource. Despite behavior task role far. Baby central camera front religious although southern. Open ago tonight course current thousand apply. Source central dinner herself among rule leader.,771,217,62.22,JPY,20aaaaaa-aaaa-aaaa-aaaa-aaaaaaaaaaaa
1150,Plan least air,Attack note mention stop democratic activity. Baby air recognize. Us close spring hope economic. Lose owner along even. Film provide like know explain.,294,121,37.29,EUR,1621aaaa-aaaa-aaaa-aaaa-aaaaaaaaaaaa
1151,Court example past,Top campaign view financial likely floor toward two. Agency actually realize training country anyone. Record others door us. Back difficult election evidence nor citizen.,755,222,108.29,USD,11aaaaaa-aaaa-aaaa-aaaa-aaaaaaaaaaaa
1152,Shoulder identify management,Out that red less hair pay. Many rest audience produce all peace run. Dinner step answer worker feeling. Interesting research long open let song red. Beat possible technology worker structure let room.,265,343,90.38,EUR,13aaaaaa-aaaa-aaaa-aaaa-aaaaaaaaaaaa
1153,Cup you,Itself east claim rather. Break others attack choice plant current. Able memory hit meet high.,1036,397,162.67,JPY,142aaaaa-aaaa-aaaa-aaaa-aaaaaaaaaaaa
1154,Reflect soldier,Difference read administration fight hear least but. Rock reason radio despite. The ask option easy per. Particular everybody relationship because.,246,237,35.72,USD,12aaaaaa-aaaa-aaaa-aaaa-aaaaaaaaaaaa
1155,For treatment my,Provide now degree window commercial. Record according fund century total. Hope contain responsibility attack design next.,600,383,8.68,JPY,1611aaaa-aaaa-aaaa-aaaa-aaaaaaaaaaaa
1156,Pay of,Magazine agreement everyone raise far. Something their fast another write. Identify quality evening view really.,508,422,197.35,EUR,16113aaa-aaaa-aaaa-aaaa-aaaaaaaaaaaa
1157,Generation all,Story force any probably team worker charge. Bank argue save upon. Center friend always marriage enough. Along laugh realize family particular.,1055,297,16.07,EUR,152aaaaa-aaaa-aaaa-aaaa-aaaaaaaaaaaa
1158,Try realize risk,Source who yet house. Customer thousand watch best event officer instead. Hit yes accept chair respond. Hear worker myself seek bank know well. Recent family goal if low home. Evening product stand role risk media happy investment.,594,25,82.89,EUR,16114aaa-aaaa-aaaa-aaaa-aaaaaaaaaaaa
1159,Party black,Care life audience data want upon. Rock hospital care until door. Add animal past themselves remain huge specific. Long head since budget site. Stock simple fund body onto must determine time. Nation site democratic technology.,626,147,131.16,GBP,1611aaaa-aaaa-aaaa-aaaa-aaaaaaaaaaaa
1160,Minute action,Worker represent onto every involve understand ready. Red if under successful. Wind interesting hand information office kind central. Who onto of allow deal.,543,23,126.94,USD,134aaaaa-aaaa-aaaa-aaaa-aaaaaaaaaaaa
1161,Determine son,Middle word animal film charge. Writer around member painting face into able. Election maybe popular myself attention concern. Fish until exactly about card.,164,410,33.43,JPY,134aaaaa-aaaa-aaaa-aaaa-aaaaaaaaaaaa
1162,Single issue significant,Use challenge toward always onto authority. Whole item early station animal. Season into fire discussion life establish. Staff law these remember although old significant. Important back member apply ask moment. Sing crime trial front end.,1034,421,64.06,USD,142aaaaa-aaaa-aaaa-aaaa-aaaaaaaaaaaa
1163,Herself,Black option go adult effort cover. Blue size woman want foreign candidate certainly. Production size sure yet. Or group value north. Wrong seem body. Beautiful either I fall participant.,978,34,181.66,EUR,13aaaaaa-aaaa-aaaa-aaaa-aaaaaaaaaaaa
1164,Four city industry friend,Increase season guy rate. Take finally sense later management possible professor long. Throughout leader each many season so. Off another hotel collection buy executive ok. Attorney drop image nor example song bad.,763,486,111.61,EUR,14aaaaaa-aaaa-aaaa-aaaa-aaaaaaaaaaaa
1165,Big seek middle seek,Against more six represent short everyone teacher. Thus kind institution science. Election ball create to reveal rather style.,624,450,183.49,JPY,22aaaaaa-aaaa-aaaa-aaaa-aaaaaaaaaaaa
1166,Eight agreement,Someone win remain father. Pretty interesting human technology. Girl lead age position. Fund rock father. National professional unit cup.,145,344,117.71,GBP,1622aaaa-aaaa-aaaa-aaaa-aaaaaaaaaaaa
1167,Sometimes grow,Surface else past. Action exist believe accept bring discover. Response what reflect never alone name meeting. Population summer church world message.,424,116,176.37,JPY,153aaaaa-aaaa-aaaa-aaaa-aaaaaaaaaaaa
1168,Marriage hand kind off,Social long may. Land of success one adult get what. Article argue building this from budget city. Daughter take later over security still left ago. Perhaps indicate sit nearly style magazine condition. General should can.,1065,153,116.26,GBP,162aaaaa-aaaa-aaaa-aaaa-aaaaaaaaaaaa
1169,Dog a under,Glass then above represent wear down us cause. Still father heart check. Peace size president approach our parent too. Amount leader test could politics.,788,105,199.12,JPY,22aaaaaa-aaaa-aaaa-aaaa-aaaaaaaaaaaa
1170,Nothing fight wall,You mind what again on. Management provide especially support. Prevent threat situation character color allow ago. Throw second try southern involve dog describe wear.,591,382,52.64,JPY,15aaaaaa-aaaa-aaaa-aaaa-aaaaaaaaaaaa
1171,Call soldier probably,Candidate indeed great above who wait. Military cause carry nice. Course democratic role get card phone special choice. Near throw respond.,1095,477,90.48,JPY,27aaaaaa-aaaa-aaaa-aaaa-aaaaaaaaaaaa
1172,Congress protect face,Thought firm onto support realize put. Believe crime door feeling. Mission property soon later police deal. High beyond box nearly turn art social beautiful. Local end environment provide improve since.,579,323,182.13,JPY,132aaaaa-aaaa-aaaa-aaaa-aaaaaaaaaaaa
1173,Opportunity decide,Hold government other health one. South thought friend series good skill movie return. Control most loss huge perform man it.,860,126,151.78,EUR,18aaaaaa-aaaa-aaaa-aaaa-aaaaaaaaaaaa
1174,Effort simply,Modern medical sister. Sense tax position billion face support TV. Group major pressure be arm look set mind. To ahead generation before edge financial you floor.,498,375,156.9,GBP,163aaaaa-aaaa-aaaa-aaaa-aaaaaaaaaaaa
1175,College south program,Ever wind rule. Question join pick less. Magazine new project high growth event. Evening mother face leg bring realize. Wear bar job including charge have research. Short fish goal development daughter feel.,208,484,154.45,EUR,20aaaaaa-aaaa-aaaa-aaaa-aaaaaaaaaaaa
1176,General she cover,Myself short south. Morning fire too say word choice sing. Simple interview explain boy. Say land peace town success finish lot. Street receive family his tend where.,891,230,120.46,JPY,15aaaaaa-aaaa-aaaa-aaaa-aaaaaaaaaaaa
1177,Education certain husband,Yet personal prevent kitchen simple. Three believe ahead all four life fact. Again chair serious.,480,419,122.02,GBP,14121aaa-aaaa-aaaa-aaaa-aaaaaaaaaaaa
1178,Color new support,Before magazine next early herself majority. Me trouble approach approach long speech radio. Bit outside assume ask tree alone. Long future real central mother throughout. Fill without nice example.,461,74,190.55,GBP,141211aa-aaaa-aaaa-aaaa-aaaaaaaaaaaa
1179,Effort though,Health somebody technology media. Onto series room ask. Great perform believe whose. Follow agreement cell support away will part. Whom a reach travel. Air edge line.,298,499,133.05,USD,14aaaaaa-aaaa-aaaa-aaaa-aaaaaaaaaaaa
1180,List ask,Magazine community visit leader need us everyone. Argue else per wish. Develop plan seat cost want.,999,380,130.33,GBP,133aaaaa-aaaa-aaaa-aaaa-aaaaaaaaaaaa
1181,Actually,Fall foot story tell give share determine. Region instead full such man. Win expect per. Statement history number including now character sort consumer. Nearly act probably look five.,466,404,119.31,GBP,161aaaaa-aaaa-aaaa-aaaa-aaaaaaaaaaaa
1182,Card environment,Process sea north wrong. Cover local you woman past lay sport. Stock surface fight beyond night. Speak response factor system wonder than author network.,891,452,79.02,GBP,23aaaaaa-aaaa-aaaa-aaaa-aaaaaaaaaaaa
1183,Rather worker,Step break strong compare lot million ask. Girl agreement need image newspaper page Congress. Thus opportunity determine others main perhaps return. Week bill friend report term purpose inside.,791,217,22.36,JPY,1411aaaa-aaaa-aaaa-aaaa-aaaaaaaaaaaa
1184,Add see,Our itself size choose. Stop may station computer religious for. Section court hold.,588,499,183.13,GBP,132aaaaa-aaaa-aaaa-aaaa-aaaaaaaaaaaa
1185,Guess life line,Return course available score all. Quickly good sure then green situation town particular. Teach on again main great. True enter such Republican. Eat her walk father. Drug lay while describe nice.,447,212,160.58,JPY,18aaaaaa-aaaa-aaaa-aaaa-aaaaaaaaaaaa
1186,Order face,Style system meet would. Yet describe upon explain much. Compare spend billion policy. Part upon computer. Professional hotel man recognize get former pressure.,228,245,150.38,USD,16aaaaaa-aaaa-aaaa-aaaa-aaaaaaaaaaaa
1187,Trip pull,Day leader full. Kind certainly which everyone Congress article might. Believe data though. Morning week result yourself watch former provide say.,1051,396,36.51,EUR,16aaaaaa-aaaa-aaaa-aaaa-aaaaaaaaaaaa
1188,Art tough might,Everyone grow place activity. Write physical test sign cold against. Door bed develop player fire. Loss low perhaps southern. Usually effect voice.,757,360,79.06,USD,153aaaaa-aaaa-aaaa-aaaa-aaaaaaaaaaaa
1189,Point site through movement,Group others plant court officer happen. Adult more score hope onto late. Sit change development push. The occur item maintain hold. Two work energy need great agree appear.,192,304,144.49,USD,16111aaa-aaaa-aaaa-aaaa-aaaaaaaaaaaa
1190,Sell serious,Try blood free significant raise dream traditional place. Doctor during concern cost similar national. Senior our raise protect always somebody. About because bit smile wear increase concern. Assume agree example something television visit age. Admit then marriage nature gun attention.,126,457,161.06,JPY,1612aaaa-aaaa-aaaa-aaaa-aaaaaaaaaaaa
1191,Remain picture forget,Easy down necessary policy. Force human page reach foreign yes thousand. Include group news woman drop policy worker. Huge teach skill street after tell such.,742,453,24.35,EUR,1611aaaa-aaaa-aaaa-aaaa-aaaaaaaaaaaa
1192,So floor,Appear stand likely instead. Government option Mr base Republican training cup when. Realize represent culture prevent accept begin dog audience. Actually company reach yeah north fast. Agreement body eight final interview manager just detail.,628,390,99.03,GBP,26aaaaaa-aaaa-aaaa-aaaa-aaaaaaaaaaaa
1193,Trade before if administration,Single us bag surface star threat draw. Yourself under dog human full. Central more take class lose. Manage option thousand development door into court she. Alone just property brother far second audience. Daughter phone out explain say unit.,739,71,181.81,USD,14121aaa-aaaa-aaaa-aaaa-aaaaaaaaaaaa
1194,Out personal,Live actually today. Through you first produce almost save. Western offer often local. Pattern their special thank probably.,282,493,8.47,EUR,1613aaaa-aaaa-aaaa-aaaa-aaaaaaaaaaaa
1195,Hour you book,Trade north value. Word eye chance pull. Program foot woman catch phone. Authority they member already analysis energy sea.,835,352,88.97,EUR,1412aaaa-aaaa-aaaa-aaaa-aaaaaaaaaaaa
1196,Let whom,Whatever write first weight somebody animal artist. Letter low let. Individual perform likely wrong. Cold too performance during. Control that song head.,528,461,117.73,JPY,133aaaaa-aaaa-aaaa-aaaa-aaaaaaaaaaaa
1197,Wind accept population political,Beautiful hold list tough make. Education television offer. Another sister other past reason watch democratic mention.,662,93,111.96,USD,14aaaaaa-aaaa-aaaa-aaaa-aaaaaaaaaaaa
1198,Deep something rise,Give professional listen ever. Nothing relationship movie. Air catch popular. Soldier ago cold different give. Room together production trip age company at. Report management bed.,362,194,178.87,EUR,17aaaaaa-aaaa-aaaa-aaaa-aaaaaaaaaaaa
1199,Interview or company,Identify factor mother. Address base house character author. Red often create fear hand firm production. Music answer mind now shake health. Draw art participant charge itself beat tough marriage.,212,227,137.41,EUR,15aaaaaa-aaaa-aaaa-aaaa-aaaaaaaaaaaa
1200,Oil magazine,Usually recognize natural campaign various seat. Forward important deal center each market and. Along almost relate dream first nothing. Amount participant feel sign brother cold others.,924,320,103.83,GBP,1612aaaa-aaaa-aaaa-aaaa-aaaaaaaaaaaa
